id,title,description,availability,condition,price,link,image_link,brand,product_type,quantity_to_sell_on_facebook
1160923496,BOLSAS ECOMMERCE NEGRAS 20X30CM - 100U,"Bolsa e-commerce negra de 20 × 30 cm, ideal para envíos de productos por comercio electrónico y mensajería privada.Su diseño totalmente opaco evita la visibi...",in stock,new,7901.30 ARS,https://www.g4descartables.com.ar/productos/100-bolsas-ecommerce-negras-20x30cm/,https://scalelabs-ar.github.io/g4-catalogo-img/img/13375d82b8e57239.jpg,G4 Descartables,,168
1215544866,BANDEJA 103 CON TAPA BIODEGRADABLE - 25U,"Bandeja fabricada en caña de azúcar, una alternativa ecológica y sustentable para el envasado de alimentos.Es un producto amigable con el ambiente, compostab...",in stock,new,14763.82 ARS,https://www.g4descartables.com.ar/productos/bandeja-103-con-tapa-biodegradable-25u/,https://scalelabs-ar.github.io/g4-catalogo-img/img/0a754ba7d2b4e5b0.jpg,G4 Descartables,,12
750712364,BANDEJA PLASTICO 103 PP - 100U,"Descubrí nuestra bandeja de plástico 103, diseñada especialmente para su uso en microondas. Ideal para hogares y negocios de comida rápida que requieren practicidad y eficiencia en cada uso.",in stock,new,17865.65 ARS,https://www.g4descartables.com.ar/productos/bandeja-103-pp-x-100-unidades/,https://scalelabs-ar.github.io/g4-catalogo-img/img/7ba354b6d8052105.jpg,G4 Descartables,,2
1215545670,BANDEJA 105 CON TAPA BIODEGRADABLE - 25U,"Bandeja de mayor capacidad fabricada en caña de azúcar, ideal para comidas completas y porciones grandes.Combina funcionalidad con compromiso ambiental, sien...",in stock,new,27660.30 ARS,https://www.g4descartables.com.ar/productos/bandeja-105-con-tapa-biodegradable-25u/,https://scalelabs-ar.github.io/g4-catalogo-img/img/a7991313c105aa55.jpg,G4 Descartables,,12
750721340,BANDEJA PLASTICO OVAL 105 PP - 100U,"Descubrí nuestra bandeja de plástico 105, diseñada especialmente para su uso en microondas. Ideal para hogares y negocios de comida rápida que requieren practicidad y eficiencia en cada uso.",in stock,new,22023.21 ARS,https://www.g4descartables.com.ar/productos/bandeja-105-pp-x-100-unidades/,https://scalelabs-ar.github.io/g4-catalogo-img/img/f00db02959d8b9e5.jpg,G4 Descartables,,5
970046048,BANDEJA PLASTICO 107 PP - 100U,"Descubrí nuestra bandeja de plástico 107, diseñada especialmente para su uso en microondas. Ideal para hogares y negocios de comida rápida que requieren practicidad y eficiencia en cada uso.",in stock,new,47895.43 ARS,https://www.g4descartables.com.ar/productos/bandeja-107-pp-x-100-unidades/,https://scalelabs-ar.github.io/g4-catalogo-img/img/dcc8969abcad5d8d.jpg,G4 Descartables,,5
800154290,BANDEJA 180 PP 2 DIVISIONES CON TAPA - 25U,"escubrí nuestra bandeja de plástico 180 con 2 divisiones, diseñada especialmente para su uso en microondas. Ideal para hogares y negocios de comida rápida que requieren practicidad y eficiencia en cada uso.",out of stock,new,22523.55 ARS,https://www.g4descartables.com.ar/productos/bandeja-180-pp-2-divisiones-con-tapa-x-25-unidades/,https://scalelabs-ar.github.io/g4-catalogo-img/img/19787e500d42666b.jpg,G4 Descartables,,0
767022924,BANDEJA DE ALUMINIO F100 CON TAPA - 100U,"Descubrí nuestra bandeja de aluminio F100. Apta para horno e ideal para viandas y delivery. Un producto práctico, perfecto para eventos y reuniones.",in stock,new,46545.07 ARS,https://www.g4descartables.com.ar/productos/bandeja-de-aluminio-f100-con-tapa-x-100-unidades/,https://scalelabs-ar.github.io/g4-catalogo-img/img/eff266e6435a7bca.jpg,G4 Descartables,,1
810085263,BANDEJA DE ALUMINIO F2100 CON TAPA - 100U,"Descubrí nuestra bandeja de aluminio F2100. Apta para horno e ideal para viandas y delivery. Un producto práctico, perfecto para eventos y reuniones.",out of stock,new,46545.07 ARS,https://www.g4descartables.com.ar/productos/bandeja-de-aluminio-f2100-con-tapa-x-100-unidades/,https://scalelabs-ar.github.io/g4-catalogo-img/img/2af6220ffbd8f908.jpg,G4 Descartables,,0
810088732,BANDEJA DE ALUMINIO F250 CON TAPA - 100U,"Descubrí nuestra bandeja de aluminio F250. Apta para horno e ideal para viandas y delivery. Un producto práctico, perfecto para eventos y reuniones.",in stock,new,30420.61 ARS,https://www.g4descartables.com.ar/productos/bandeja-de-aluminio-f250-con-tapa-x-100-unidades/,https://scalelabs-ar.github.io/g4-catalogo-img/img/b80160223cb8a2a4.jpg,G4 Descartables,,4
750641270,BANDEJA DE ALUMINIO F275 CON TAPA - 100U,"Conocé nuestra Bandeja de Aluminio F275 con tapa, ideal para viandas. Incluye 100 unidades que mantienen la temperatura de tus comidas. ¡Hacé tu pedido ya!",in stock,new,34483.79 ARS,https://www.g4descartables.com.ar/productos/bandeja-de-aluminio-f275-con-tapa-x-100-unidades/,https://scalelabs-ar.github.io/g4-catalogo-img/img/5079e167dd22d21b.jpg,G4 Descartables,,12
767022719,BANDEJA DE ALUMINIO F50 CON TAPA - 100U,"Descubrí nuestra bandeja de aluminio F50. Apta para horno e ideal para viandas y delivery. Un producto práctico, perfecto para eventos y reuniones.",in stock,new,30963.90 ARS,https://www.g4descartables.com.ar/productos/bandeja-de-aluminio-f50-con-tapa-x-100-unidades/,https://scalelabs-ar.github.io/g4-catalogo-img/img/a80967993c3dcdd3.jpg,G4 Descartables,,14
738213837,BANDEJA DE ALUMINIO F75 CON TAPA - 100U,"Conocé nuestra Bandeja de Aluminio F75 con tapa, ideal para viandas. Incluye 100 unidades que mantienen la temperatura de tus comidas. ¡Hacé tu pedido ya!",in stock,new,35511.08 ARS,https://www.g4descartables.com.ar/productos/bandeja-de-aluminio-f75-con-tapa-x-100-unidades/,https://scalelabs-ar.github.io/g4-catalogo-img/img/59df2428b1d72b83.jpg,G4 Descartables,,12
814307058,BANDEJA LIVIANA 617 - 100U,"Solución práctica y económica para carnicerías, restaurantes y puestos de comida rápida. Asegura una presentación impecable y facilita el almacenamiento y manipulación de los alimentos.",in stock,new,7333.81 ARS,https://www.g4descartables.com.ar/productos/bandeja-liviana-617-x-100-unidades/,https://scalelabs-ar.github.io/g4-catalogo-img/img/c2c56d63f622d745.jpg,G4 Descartables,,7
814307871,BANDEJA LIVIANA 619 - 100U,"Solución práctica y económica para carnicerías, restaurantes y puestos de comida rápida. Asegura una presentación impecable y facilita el almacenamiento y manipulación de los alimentos.",in stock,new,14804.35 ARS,https://www.g4descartables.com.ar/productos/bandeja-liviana-619-x-100-unidades/,https://scalelabs-ar.github.io/g4-catalogo-img/img/7c4dbc716d4166f0.jpg,G4 Descartables,,7
814308244,BANDEJA LIVIANA 625 - 100U,"Solución práctica y económica para carnicerías, restaurantes y puestos de comida rápida. Asegura una presentación impecable y facilita el almacenamiento y manipulación de los alimentos.",in stock,new,26778.51 ARS,https://www.g4descartables.com.ar/productos/bandeja-liviana-625-x-100-unidades/,https://scalelabs-ar.github.io/g4-catalogo-img/img/db2543be56030fcb.jpg,G4 Descartables,,4
799403174,BANDEJA POLLERA CON TAPA - 10U,Ideal para rotiserías y establecimientos de comida rápida que buscan eficiencia y practicidad en la preparación de alimentos.,in stock,new,18771.21 ARS,https://www.g4descartables.com.ar/productos/bandeja-pollera-con-tapa-x-10-unidades/,https://scalelabs-ar.github.io/g4-catalogo-img/img/75b7053b753392c9.jpg,G4 Descartables,,14
1274774177,BOBINA ECORED PANAL 48CM X 200MTS,"📦 Bobina de Embalaje Panal Ecored Biodegradable 48 cm x 200 m Bobina de embalaje tipo panal Ecored, ideal para negocios con alto volumen de envíos qu...",in stock,new,89011.84 ARS,https://www.g4descartables.com.ar/productos/bobina-ecored-panal-48cm-x-200mts/,https://scalelabs-ar.github.io/g4-catalogo-img/img/9e441d3c4327d756.jpg,G4 Descartables,,6
1533178595,BOBINA ECORED PANAL 48CM X 50MTS,"📦 Bobina de Embalaje Panal Ecored Biodegradable 48 cm x 50 m Bobina de embalaje tipo panal Ecored, una alternativa ecológica y eficiente para protege...",out of stock,new,37506.02 ARS,https://www.g4descartables.com.ar/productos/bobina-ecored-panal-48cm-x-50mts/,https://scalelabs-ar.github.io/g4-catalogo-img/img/196f4e44b6fb5c6c.jpg,G4 Descartables,,0
1533178596,BOBINA ECORED PANAL 48CM X 50MTS,"📦 Bobina de Embalaje Panal Ecored Biodegradable 48 cm x 50 m Bobina de embalaje tipo panal Ecored, una alternativa ecológica y eficiente para protege...",out of stock,new,63858.06 ARS,https://www.g4descartables.com.ar/productos/bobina-ecored-panal-48cm-x-50mts/,https://scalelabs-ar.github.io/g4-catalogo-img/img/ef6e4cd5aa7c24bd.jpg,G4 Descartables,,0
1533178598,BOBINA ECORED PANAL 48CM X 50MTS,"📦 Bobina de Embalaje Panal Ecored Biodegradable 48 cm x 50 m Bobina de embalaje tipo panal Ecored, una alternativa ecológica y eficiente para protege...",in stock,new,63858.06 ARS,https://www.g4descartables.com.ar/productos/bobina-ecored-panal-48cm-x-50mts/,https://scalelabs-ar.github.io/g4-catalogo-img/img/98c391895a1dcac9.jpg,G4 Descartables,,2
1533178599,BOBINA ECORED PANAL 48CM X 50MTS,"📦 Bobina de Embalaje Panal Ecored Biodegradable 48 cm x 50 m Bobina de embalaje tipo panal Ecored, una alternativa ecológica y eficiente para protege...",out of stock,new,63858.06 ARS,https://www.g4descartables.com.ar/productos/bobina-ecored-panal-48cm-x-50mts/,https://scalelabs-ar.github.io/g4-catalogo-img/img/95c21b57ad0c437c.jpg,G4 Descartables,,0
1533178600,BOBINA ECORED PANAL 48CM X 50MTS,"📦 Bobina de Embalaje Panal Ecored Biodegradable 48 cm x 50 m Bobina de embalaje tipo panal Ecored, una alternativa ecológica y eficiente para protege...",in stock,new,23155.89 ARS,https://www.g4descartables.com.ar/productos/bobina-ecored-panal-48cm-x-50mts/,https://scalelabs-ar.github.io/g4-catalogo-img/img/4eab50468a5de00b.jpg,G4 Descartables,,18
1473321625,"BOBINA LIMPIEZA ELEGANTE 19,5CM X 200MTS - 4U","Bobina de limpieza marca Elegante, ideal para tareas de higiene y limpieza en entornos comerciales, gastronómicos e industriales.Su gran rendimiento la convi...",in stock,new,29010.60 ARS,https://www.g4descartables.com.ar/productos/bobina-limpieza-elegante-195cm-x-200mts-4u-te7wq/,https://scalelabs-ar.github.io/g4-catalogo-img/img/0e0a44eb1101afbb.jpg,G4 Descartables,,67
1489902212,"BOBINA LIMPIEZA ELEGANTE 19,5CM X 300MTS - 2U","Bobina de limpieza marca Elegante, ideal para tareas de higiene y limpieza en entornos comerciales, gastronómicos e industriales.Su gran rendimiento la convi...",in stock,new,21824.95 ARS,https://www.g4descartables.com.ar/productos/bobina-limpieza-elegante-195cm-x-300mts-2u-1mv3n/,https://scalelabs-ar.github.io/g4-catalogo-img/img/2d5e179fe824b572.jpg,G4 Descartables,,84
1401059562,BOBINA LIMPIEZA ELEGANTE 25CM X 400MTS - 2U,"Bobina de limpieza marca Elegante, ideal para tareas de higiene y limpieza en entornos comerciales, gastronómicos e industriales.Su gran rendimiento la convi...",in stock,new,41167.93 ARS,https://www.g4descartables.com.ar/productos/bobina-limpieza-elegante-25cm-x-400mts-2u-8s4fc/,https://scalelabs-ar.github.io/g4-catalogo-img/img/da6bf51296f98eb1.jpg,G4 Descartables,,9
1430643665,BOLSA DE PAPEL ACUARIO 26x17x30 LISAS - 10U,"Bolsas de papel de 26 × 17 × 30 cm, ideales para comercios, gastronomía y take away.Fabricadas bajo procesos responsables, ofrecen una solución práctica y su...",out of stock,new,4618.45 ARS,https://www.g4descartables.com.ar/productos/bolsa-de-papel-acuario-26x17x30-lisas-10u-ajn3v/,https://scalelabs-ar.github.io/g4-catalogo-img/img/31c1a46f761d4d4a.jpg,G4 Descartables,,0
1430614046,BOLSA DE PAPEL ACUARIO 30x12x41 LISAS - 10U,"Bolsas de papel de 30 × 12 × 41 cm, ideales para comercios, gastronomía y take away.Fabricadas bajo procesos responsables, ofrecen una solución práctica y su...",in stock,new,5145.77 ARS,https://www.g4descartables.com.ar/productos/bolsa-de-papel-acuario-30x12x41-lisas-10u-jj4wk/,https://scalelabs-ar.github.io/g4-catalogo-img/img/5736dd341fb92b36.jpg,G4 Descartables,,53
1430626090,BOLSA DE PAPEL ACUARIO 30x12x41 LISAS - 10U,"Bolsas de papel de 30 × 12 × 41 cm, ideales para comercios, gastronomía y take away.Fabricadas bajo procesos responsables, ofrecen una solución práctica y su...",in stock,new,7806.56 ARS,https://www.g4descartables.com.ar/productos/bolsa-de-papel-acuario-30x12x41-lisas-10u-jj4wk/,https://scalelabs-ar.github.io/g4-catalogo-img/img/1a20964a6cac6c21.jpg,G4 Descartables,,25
1430626092,BOLSA DE PAPEL ACUARIO 30x12x41 LISAS - 10U,"Bolsas de papel de 30 × 12 × 41 cm, ideales para comercios, gastronomía y take away.Fabricadas bajo procesos responsables, ofrecen una solución práctica y su...",in stock,new,7806.56 ARS,https://www.g4descartables.com.ar/productos/bolsa-de-papel-acuario-30x12x41-lisas-10u-jj4wk/,https://scalelabs-ar.github.io/g4-catalogo-img/img/f87c57cd2e98fe5a.jpg,G4 Descartables,,17
1430626093,BOLSA DE PAPEL ACUARIO 30x12x41 LISAS - 10U,"Bolsas de papel de 30 × 12 × 41 cm, ideales para comercios, gastronomía y take away.Fabricadas bajo procesos responsables, ofrecen una solución práctica y su...",in stock,new,6405.86 ARS,https://www.g4descartables.com.ar/productos/bolsa-de-papel-acuario-30x12x41-lisas-10u-jj4wk/,https://scalelabs-ar.github.io/g4-catalogo-img/img/51467c31018fc148.jpg,G4 Descartables,,77
1430626094,BOLSA DE PAPEL ACUARIO 30x12x41 LISAS - 10U,"Bolsas de papel de 30 × 12 × 41 cm, ideales para comercios, gastronomía y take away.Fabricadas bajo procesos responsables, ofrecen una solución práctica y su...",in stock,new,7806.56 ARS,https://www.g4descartables.com.ar/productos/bolsa-de-papel-acuario-30x12x41-lisas-10u-jj4wk/,https://scalelabs-ar.github.io/g4-catalogo-img/img/2996d2614d5df526.jpg,G4 Descartables,,13
1430626097,BOLSA DE PAPEL ACUARIO 30x12x41 LISAS - 10U,"Bolsas de papel de 30 × 12 × 41 cm, ideales para comercios, gastronomía y take away.Fabricadas bajo procesos responsables, ofrecen una solución práctica y su...",in stock,new,7806.56 ARS,https://www.g4descartables.com.ar/productos/bolsa-de-papel-acuario-30x12x41-lisas-10u-jj4wk/,https://scalelabs-ar.github.io/g4-catalogo-img/img/68b29d90c5f87c96.jpg,G4 Descartables,,8
1430626098,BOLSA DE PAPEL ACUARIO 30x12x41 LISAS - 10U,"Bolsas de papel de 30 × 12 × 41 cm, ideales para comercios, gastronomía y take away.Fabricadas bajo procesos responsables, ofrecen una solución práctica y su...",out of stock,new,7806.56 ARS,https://www.g4descartables.com.ar/productos/bolsa-de-papel-acuario-30x12x41-lisas-10u-jj4wk/,https://scalelabs-ar.github.io/g4-catalogo-img/img/f1f04955f62876ae.jpg,G4 Descartables,,0
1430626099,BOLSA DE PAPEL ACUARIO 30x12x41 LISAS - 10U,"Bolsas de papel de 30 × 12 × 41 cm, ideales para comercios, gastronomía y take away.Fabricadas bajo procesos responsables, ofrecen una solución práctica y su...",in stock,new,7806.56 ARS,https://www.g4descartables.com.ar/productos/bolsa-de-papel-acuario-30x12x41-lisas-10u-jj4wk/,https://scalelabs-ar.github.io/g4-catalogo-img/img/63ae538df4709c87.jpg,G4 Descartables,,14
1430686603,BOLSA DE PAPEL ACUARIO 30x12x41 LISAS - 10U,"Bolsas de papel de 30 × 12 × 41 cm, ideales para comercios, gastronomía y take away.Fabricadas bajo procesos responsables, ofrecen una solución práctica y su...",in stock,new,7806.56 ARS,https://www.g4descartables.com.ar/productos/bolsa-de-papel-acuario-30x12x41-lisas-10u-jj4wk/,https://scalelabs-ar.github.io/g4-catalogo-img/img/627a85c30c5b4667.jpg,G4 Descartables,,14
1430634182,BOLSA DE PAPEL ACUARIO 30x12x41 TEMÁTICAS - 10U,"Bolsas de papel de 30 × 12 × 41 cm, ideales para comercios, gastronomía y take away.Fabricadas bajo procesos responsables, ofrecen una solución práctica y su...",in stock,new,11855.94 ARS,https://www.g4descartables.com.ar/productos/bolsa-de-papel-acuario-30x12x41-tematicas-10u-6e6xb/,https://scalelabs-ar.github.io/g4-catalogo-img/img/3e0c477624e29856.jpg,G4 Descartables,,10
1430634183,BOLSA DE PAPEL ACUARIO 30x12x41 TEMÁTICAS - 10U,"Bolsas de papel de 30 × 12 × 41 cm, ideales para comercios, gastronomía y take away.Fabricadas bajo procesos responsables, ofrecen una solución práctica y su...",in stock,new,11855.94 ARS,https://www.g4descartables.com.ar/productos/bolsa-de-papel-acuario-30x12x41-tematicas-10u-6e6xb/,https://scalelabs-ar.github.io/g4-catalogo-img/img/44b222e95069b3dc.jpg,G4 Descartables,,3
1430634184,BOLSA DE PAPEL ACUARIO 30x12x41 TEMÁTICAS - 10U,"Bolsas de papel de 30 × 12 × 41 cm, ideales para comercios, gastronomía y take away.Fabricadas bajo procesos responsables, ofrecen una solución práctica y su...",in stock,new,11855.94 ARS,https://www.g4descartables.com.ar/productos/bolsa-de-papel-acuario-30x12x41-tematicas-10u-6e6xb/,https://scalelabs-ar.github.io/g4-catalogo-img/img/01ef899259610405.jpg,G4 Descartables,,12
1430634186,BOLSA DE PAPEL ACUARIO 30x12x41 TEMÁTICAS - 10U,"Bolsas de papel de 30 × 12 × 41 cm, ideales para comercios, gastronomía y take away.Fabricadas bajo procesos responsables, ofrecen una solución práctica y su...",in stock,new,11855.94 ARS,https://www.g4descartables.com.ar/productos/bolsa-de-papel-acuario-30x12x41-tematicas-10u-6e6xb/,https://scalelabs-ar.github.io/g4-catalogo-img/img/7c50b90e651ea871.jpg,G4 Descartables,,16
1430634187,BOLSA DE PAPEL ACUARIO 30x12x41 TEMÁTICAS - 10U,"Bolsas de papel de 30 × 12 × 41 cm, ideales para comercios, gastronomía y take away.Fabricadas bajo procesos responsables, ofrecen una solución práctica y su...",in stock,new,11855.94 ARS,https://www.g4descartables.com.ar/productos/bolsa-de-papel-acuario-30x12x41-tematicas-10u-6e6xb/,https://scalelabs-ar.github.io/g4-catalogo-img/img/8a0b498fa43bf077.jpg,G4 Descartables,,14
1430634189,BOLSA DE PAPEL ACUARIO 30x12x41 TEMÁTICAS - 10U,"Bolsas de papel de 30 × 12 × 41 cm, ideales para comercios, gastronomía y take away.Fabricadas bajo procesos responsables, ofrecen una solución práctica y su...",in stock,new,11855.94 ARS,https://www.g4descartables.com.ar/productos/bolsa-de-papel-acuario-30x12x41-tematicas-10u-6e6xb/,https://scalelabs-ar.github.io/g4-catalogo-img/img/adf8e89ea9ebd2ee.jpg,G4 Descartables,,8
1430652717,BOLSA DE PAPEL ACUARIO 45x15x48 LISAS - 10U,"Bolsas de papel de 45 × 15 × 48 cm, ideales para comercios, gastronomía y take away.Fabricadas bajo procesos responsables, ofrecen una solución práctica y su...",in stock,new,7093.50 ARS,https://www.g4descartables.com.ar/productos/bolsa-de-papel-acuario-45x15x48-lisas-10u-1lssa/,https://scalelabs-ar.github.io/g4-catalogo-img/img/70b2bdb1438bbfb5.jpg,G4 Descartables,,12
1430656909,BOLSA DE PAPEL ACUARIO 45x15x48 LISAS - 10U,"Bolsas de papel de 45 × 15 × 48 cm, ideales para comercios, gastronomía y take away.Fabricadas bajo procesos responsables, ofrecen una solución práctica y su...",in stock,new,8866.03 ARS,https://www.g4descartables.com.ar/productos/bolsa-de-papel-acuario-45x15x48-lisas-10u-1lssa/,https://scalelabs-ar.github.io/g4-catalogo-img/img/aaf5a14e3b2c19dc.jpg,G4 Descartables,,9
1589809179,BOLSA DE PAPEL AMARILLA 22X10X30 - 10U,"Bolsas de papel de 22 × 10 × 30 cm, ideales para comercios, gastronomía y take away.Fabricadas bajo procesos responsables, ofrecen una solución práctica y su...",in stock,new,5854.46 ARS,https://www.g4descartables.com.ar/productos/bolsa-de-papel-amarilla-22x10x30-10u-f8plc/,https://scalelabs-ar.github.io/g4-catalogo-img/img/ea6a0b6d17fe1f85.jpg,G4 Descartables,,14
1589058278,BOLSA DE PAPEL AMARILLA 14X08X20 - 10U,"Bolsas de papel de 14 × 8 × 20 cm, ideales para comercios, gastronomía y uso diario.Están fabricadas bajo procesos responsables y con materiales pensados par...",in stock,new,4514.15 ARS,https://www.g4descartables.com.ar/productos/bolsa-de-papel-amarillaa-14x08x20-10u-ncsvw/,https://scalelabs-ar.github.io/g4-catalogo-img/img/feed8dc579624515.jpg,G4 Descartables,,25
1589059930,BOLSA DE PAPEL AZUL 14X08X20 - 10U,"Bolsas de papel de 14 × 8 × 20 cm, ideales para comercios, gastronomía y uso diario.Están fabricadas bajo procesos responsables y con materiales pensados par...",in stock,new,4514.15 ARS,https://www.g4descartables.com.ar/productos/bolsa-de-papel-azul-14x08x20-10u-1x33e/,https://scalelabs-ar.github.io/g4-catalogo-img/img/a5a75d7d77fc2932.jpg,G4 Descartables,,15
1589809472,BOLSA DE PAPEL AZUL 22X10X30 - 10U,"Bolsas de papel de 22 × 10 × 30 cm, ideales para comercios, gastronomía y take away.Fabricadas bajo procesos responsables, ofrecen una solución práctica y su...",in stock,new,5854.46 ARS,https://www.g4descartables.com.ar/productos/bolsa-de-papel-azul-22x10x30-10u-227bt/,https://scalelabs-ar.github.io/g4-catalogo-img/img/044a0edb1db5eb59.jpg,G4 Descartables,,18
1599833449,BOLSA DE PAPEL BAUHAUS 22X10X30 - 10U,"Bolsas de papel de 22 × 10 × 30 cm, ideales para comercios, gastronomía y take away.Fabricadas bajo procesos responsables, ofrecen una solución práctica y su...",in stock,new,8241.55 ARS,https://www.g4descartables.com.ar/productos/bolsa-de-papel-bauhaus-22x10x30-10u-xz7x3/,https://scalelabs-ar.github.io/g4-catalogo-img/img/3ed98f38e27d6dca.jpg,G4 Descartables,,20
1589477083,BOLSA DE PAPEL BIG PATITO 14X08X20 - 10U,"Bolsas de papel de 14 × 8 × 20 cm, ideales para comercios, gastronomía y uso diario.Están fabricadas bajo procesos responsables y con materiales pensados par...",in stock,new,5847.57 ARS,https://www.g4descartables.com.ar/productos/bolsa-de-papel-big-patito-14x08x20-10u-n8d3c/,https://scalelabs-ar.github.io/g4-catalogo-img/img/18f30a25a21ff90f.jpg,G4 Descartables,,9
1589055182,BOLSA DE PAPEL BLANCA 14X08X20 - 10U,"Bolsas de papel de 14 × 8 × 20 cm, ideales para comercios, gastronomía y uso diario.Están fabricadas bajo procesos responsables y con materiales pensados par...",in stock,new,3853.25 ARS,https://www.g4descartables.com.ar/productos/bolsa-de-papel-blanca-14x08x20-10u-17dej/,https://scalelabs-ar.github.io/g4-catalogo-img/img/b95a19cb8a9519e8.jpg,G4 Descartables,,72
1589487028,BOLSA DE PAPEL BLANCA 14X08X26 - 10U,"Bolsas de papel de 14 × 8 × 26 cm, ideales para comercios, gastronomía y uso diario.Están fabricadas bajo procesos responsables y con materiales pensados par...",in stock,new,3968.68 ARS,https://www.g4descartables.com.ar/productos/bolsa-de-papel-blanca-14x08x26-10u-mkdmc/,https://scalelabs-ar.github.io/g4-catalogo-img/img/5d7c3e02247a8e0a.jpg,G4 Descartables,,137
1589493694,BOLSA DE PAPEL BLANCA 14X08X40 - 10U,"Bolsas de papel de 14 × 8 × 40 cm, ideales para comercios, gastronomía y uso diario.Están fabricadas bajo procesos responsables y con materiales pensados par...",in stock,new,4744.41 ARS,https://www.g4descartables.com.ar/productos/bolsa-de-papel-blanca-14x08x40-10u-1ciqr/,https://scalelabs-ar.github.io/g4-catalogo-img/img/e31fa903a3d459be.jpg,G4 Descartables,,26
1589809780,BOLSA DE PAPEL BLANCA 22X10X30 - 10U,"Bolsas de papel de 22 × 10 × 30 cm, ideales para comercios, gastronomía y take away.Fabricadas bajo procesos responsables, ofrecen una solución práctica y su...",in stock,new,4866.74 ARS,https://www.g4descartables.com.ar/productos/bolsa-de-papel-blanca-22x10x30-10u-1eohm/,https://scalelabs-ar.github.io/g4-catalogo-img/img/714c895c24de83b0.jpg,G4 Descartables,,60
1589818675,BOLSA DE PAPEL BLUE BOW 22X10X30 - 10U,"Bolsas de papel de 22 × 10 × 30 cm, ideales para comercios, gastronomía y take away.Fabricadas bajo procesos responsables, ofrecen una solución práctica y su...",in stock,new,8241.55 ARS,https://www.g4descartables.com.ar/productos/bolsa-de-papel-blue-cow-22x10x30-10u-1hjgb/,https://scalelabs-ar.github.io/g4-catalogo-img/img/d0573891d3ecba64.jpg,G4 Descartables,,16
1599841265,BOLSA DE PAPEL CAMUFLADA 22X10X30 - 10U,"Bolsas de papel de 22 × 10 × 30 cm, ideales para comercios, gastronomía y take away.Fabricadas bajo procesos responsables, ofrecen una solución práctica y su...",in stock,new,8241.55 ARS,https://www.g4descartables.com.ar/productos/bolsa-de-papel-camuflada-22x10x30-10u-dp4uv/,https://scalelabs-ar.github.io/g4-catalogo-img/img/ddcd321748fd18c0.jpg,G4 Descartables,,20
1589130376,BOLSA DE PAPEL CARDAMOMO 14X08X20 - 10U,"Bolsas de papel de 14 × 8 × 20 cm, ideales para comercios, gastronomía y uso diario.Están fabricadas bajo procesos responsables y con materiales pensados par...",in stock,new,4514.15 ARS,https://www.g4descartables.com.ar/productos/bolsa-de-papel-cardamomo-14x08x20-10u-hum16/,https://scalelabs-ar.github.io/g4-catalogo-img/img/5cbc57275c3577c9.jpg,G4 Descartables,,71
1589819183,BOLSA DE PAPEL CITIES 22X10X30 - 10U,"Bolsas de papel de 22 × 10 × 30 cm, ideales para comercios, gastronomía y take away.Fabricadas bajo procesos responsables, ofrecen una solución práctica y su...",in stock,new,8241.55 ARS,https://www.g4descartables.com.ar/productos/bolsa-de-papel-cities-22x10x30-10u-7wwxm/,https://scalelabs-ar.github.io/g4-catalogo-img/img/1fead1ec025db362.jpg,G4 Descartables,,5
1589494695,BOLSA DE PAPEL COLOR VINO 14X08X40 - 10U,"Bolsas de papel de 14 × 8 × 40 cm, ideales para comercios, gastronomía y uso diario.Están fabricadas bajo procesos responsables y con materiales pensados par...",in stock,new,7353.53 ARS,https://www.g4descartables.com.ar/productos/bolsa-de-papel-color-vino-14x08x40-10u-5p9bt/,https://scalelabs-ar.github.io/g4-catalogo-img/img/aaca7785dab0bc95.jpg,G4 Descartables,,16
1589497456,BOLSA DE PAPEL COLOUR WINE 14X08X40 - 10U,"Bolsas de papel de 14 × 8 × 40 cm, ideales para comercios, gastronomía y uso diario.Están fabricadas bajo procesos responsables y con materiales pensados par...",in stock,new,7353.53 ARS,https://www.g4descartables.com.ar/productos/bolsa-de-papel-colour-wine-14x08x40-10u-12iod/,https://scalelabs-ar.github.io/g4-catalogo-img/img/faad0c0cfe36aa56.jpg,G4 Descartables,,28
1599830040,BOLSA DE PAPEL CULTURA ARGENTO 22X10X30 - 10U,"Bolsas de papel de 22 × 10 × 30 cm, ideales para comercios, gastronomía y take away.Fabricadas bajo procesos responsables, ofrecen una solución práctica y su...",in stock,new,8241.55 ARS,https://www.g4descartables.com.ar/productos/bolsa-de-papel-cultura-argento-22x10x30-10u-1e7sx/,https://scalelabs-ar.github.io/g4-catalogo-img/img/3ad608aba7b16a18.jpg,G4 Descartables,,20
1589062503,BOLSA DE PAPEL FUCSIA 14X08X20 - 10U,"Bolsas de papel de 14 × 8 × 20 cm, ideales para comercios, gastronomía y uso diario.Están fabricadas bajo procesos responsables y con materiales pensados par...",in stock,new,4514.15 ARS,https://www.g4descartables.com.ar/productos/bolsa-de-papel-fucsia-14x08x20-10u-1jeuw/,https://scalelabs-ar.github.io/g4-catalogo-img/img/b6d2b6a7c7f81a5f.jpg,G4 Descartables,,32
1589810185,BOLSA DE PAPEL FUCSIA 22X10X30 - 10U,"Bolsas de papel de 22 × 10 × 30 cm, ideales para comercios, gastronomía y take away.Fabricadas bajo procesos responsables, ofrecen una solución práctica y su...",in stock,new,5854.46 ARS,https://www.g4descartables.com.ar/productos/bolsa-de-papel-fucsia-22x10x30-10u-r27w8/,https://scalelabs-ar.github.io/g4-catalogo-img/img/b9cfdb2969dbb2bd.jpg,G4 Descartables,,12
1599845171,BOLSA DE PAPEL GLAM STARS 22X10X30 - 10U,"Bolsas de papel de 22 × 10 × 30 cm, ideales para comercios, gastronomía y take away.Fabricadas bajo procesos responsables, ofrecen una solución práctica y su...",in stock,new,8241.55 ARS,https://www.g4descartables.com.ar/productos/bolsa-de-papel-glam-stars-22x10x30-10u-2yp9g/,https://scalelabs-ar.github.io/g4-catalogo-img/img/8bdf3efa1f88abbc.jpg,G4 Descartables,,20
1589465379,BOLSA DE PAPEL GOLDEN DOTS 14X08X20 - 10U,"Bolsas de papel de 14 × 8 × 20 cm, ideales para comercios, gastronomía y uso diario.Están fabricadas bajo procesos responsables y con materiales pensados par...",in stock,new,5847.57 ARS,https://www.g4descartables.com.ar/productos/bolsa-de-papel-golden-dots-14x08x20-10u-9bkf7/,https://scalelabs-ar.github.io/g4-catalogo-img/img/16f1a87a2702634e.jpg,G4 Descartables,,17
1589116525,BOLSA DE PAPEL GRIS SOMBRA 14X08X20 - 10U,"Bolsas de papel de 14 × 8 × 20 cm, ideales para comercios, gastronomía y uso diario.Están fabricadas bajo procesos responsables y con materiales pensados par...",in stock,new,4514.15 ARS,https://www.g4descartables.com.ar/productos/bolsa-de-papel-gris-sombra-14x08x20-10u-1n9gs/,https://scalelabs-ar.github.io/g4-catalogo-img/img/25c562f5125ee712.jpg,G4 Descartables,,35
1589810471,BOLSA DE PAPEL GRIS SOMBRA 22X10X30 - 10U,"Bolsas de papel de 22 × 10 × 30 cm, ideales para comercios, gastronomía y take away.Fabricadas bajo procesos responsables, ofrecen una solución práctica y su...",in stock,new,5854.46 ARS,https://www.g4descartables.com.ar/productos/bolsa-de-papel-gris-sombra-22x10x30-10u-14ukd/,https://scalelabs-ar.github.io/g4-catalogo-img/img/574f4ce739e00bcf.jpg,G4 Descartables,,11
1600234776,BOLSA DE PAPEL GUARDA ANDINA 22X10X30 - 10U,"Bolsas de papel de 22 × 10 × 30 cm, ideales para comercios, gastronomía y take away.Fabricadas bajo procesos responsables, ofrecen una solución práctica y su...",in stock,new,8241.55 ARS,https://www.g4descartables.com.ar/productos/bolsa-de-papel-guarda-andina-22x10x30-10u-vetvt/,https://scalelabs-ar.github.io/g4-catalogo-img/img/5aafbe7b164862b9.jpg,G4 Descartables,,20
1589468229,BOLSA DE PAPEL LAZO DE NOCHE 14X08X20 - 10U,"Bolsas de papel de 14 × 8 × 20 cm, ideales para comercios, gastronomía y uso diario.Están fabricadas bajo procesos responsables y con materiales pensados par...",in stock,new,5847.57 ARS,https://www.g4descartables.com.ar/productos/bolsa-de-papel-lazo-de-noche-14x08x20-10u-162bw/,https://scalelabs-ar.github.io/g4-catalogo-img/img/f65d34c67ead3c72.jpg,G4 Descartables,,19
1589819558,BOLSA DE PAPEL LAZO ESCOCES 22X10X30 - 10U,"Bolsas de papel de 22 × 10 × 30 cm, ideales para comercios, gastronomía y take away.Fabricadas bajo procesos responsables, ofrecen una solución práctica y su...",in stock,new,8241.55 ARS,https://www.g4descartables.com.ar/productos/bolsa-de-papel-lazo-escoces-22x10x30-10u-6f33p/,https://scalelabs-ar.github.io/g4-catalogo-img/img/6f7f6dc8690f5727.jpg,G4 Descartables,,15
1589820213,BOLSA DE PAPEL LETY LOVE 22X10X30 - 10U,"Bolsas de papel de 22 × 10 × 30 cm, ideales para comercios, gastronomía y take away.Fabricadas bajo procesos responsables, ofrecen una solución práctica y su...",in stock,new,8241.55 ARS,https://www.g4descartables.com.ar/productos/bolsa-de-papel-lety-love-22x10x30-10u-853fq/,https://scalelabs-ar.github.io/g4-catalogo-img/img/d11953fdbff9dc49.jpg,G4 Descartables,,11
1589471674,BOLSA DE PAPEL LIMONES 14X08X20 - 10U,"Bolsas de papel de 14 × 8 × 20 cm, ideales para comercios, gastronomía y uso diario.Están fabricadas bajo procesos responsables y con materiales pensados par...",in stock,new,5847.57 ARS,https://www.g4descartables.com.ar/productos/bolsa-de-papel-limones-14x08x20-10u-1rt53/,https://scalelabs-ar.github.io/g4-catalogo-img/img/8815f3bcecfe509b.jpg,G4 Descartables,,17
1589472187,BOLSA DE PAPEL CHARMI 14X08X20 - 10U,"Bolsas de papel de 14 × 8 × 20 cm, ideales para comercios, gastronomía y uso diario.Están fabricadas bajo procesos responsables y con materiales pensados par...",in stock,new,5847.57 ARS,https://www.g4descartables.com.ar/productos/bolsa-de-papel-limones-14x08x20-10u-copia-1avx2/,https://scalelabs-ar.github.io/g4-catalogo-img/img/db2b787f135c8c17.jpg,G4 Descartables,,17
1589036861,BOLSA DE PAPEL MADERA 14X08X20 - 10U,"Bolsas de papel de 14 × 8 × 20 cm, ideales para comercios, gastronomía y uso diario.Están fabricadas bajo procesos responsables y con materiales pensados par...",in stock,new,3484.80 ARS,https://www.g4descartables.com.ar/productos/bolsa-de-papel-madera-14x08x20-10u-1ozjj/,https://scalelabs-ar.github.io/g4-catalogo-img/img/d7d1730c4aca4377.jpg,G4 Descartables,,221
1589485039,BOLSA DE PAPEL MADERA 14X08X26 - 10U,"Bolsas de papel de 14 × 8 × 26 cm, ideales para comercios, gastronomía y uso diario.Están fabricadas bajo procesos responsables y con materiales pensados par...",in stock,new,3589.47 ARS,https://www.g4descartables.com.ar/productos/bolsa-de-papel-madera-14x08x26-10u-1fare/,https://scalelabs-ar.github.io/g4-catalogo-img/img/18ed77d6ef5e585d.jpg,G4 Descartables,,17
1589493459,BOLSA DE PAPEL MADERA 14X08X40 - 10U,"Bolsas de papel de 14 × 8 × 40 cm, ideales para comercios, gastronomía y uso diario.Están fabricadas bajo procesos responsables y con materiales pensados par...",in stock,new,4317.64 ARS,https://www.g4descartables.com.ar/productos/bolsa-de-papel-madera-14x08x40-10u-shngf/,https://scalelabs-ar.github.io/g4-catalogo-img/img/46d7b8c96e64d94f.jpg,G4 Descartables,,374
1589810858,BOLSA DE PAPEL MADERA 22X10X30 - 10U,"Bolsas de papel de 22 × 10 × 30 cm, ideales para comercios, gastronomía y take away.Fabricadas bajo procesos responsables, ofrecen una solución práctica y su...",in stock,new,3917.25 ARS,https://www.g4descartables.com.ar/productos/bolsa-de-papel-madera-22x10x30-10u-18pvk/,https://scalelabs-ar.github.io/g4-catalogo-img/img/5479c280e099142c.jpg,G4 Descartables,,71
1589120646,BOLSA DE PAPEL MOKA 14X08X20 - 10U,"Bolsas de papel de 14 × 8 × 20 cm, ideales para comercios, gastronomía y uso diario.Están fabricadas bajo procesos responsables y con materiales pensados par...",in stock,new,4514.15 ARS,https://www.g4descartables.com.ar/productos/bolsa-de-papel-moka-14x08x20-10u-p8un7/,https://scalelabs-ar.github.io/g4-catalogo-img/img/10e40afd53de7f96.jpg,G4 Descartables,,46
1589811031,BOLSA DE PAPEL MOKA 22X10X30 - 10U,"Bolsas de papel de 22 × 10 × 30 cm, ideales para comercios, gastronomía y take away.Fabricadas bajo procesos responsables, ofrecen una solución práctica y su...",in stock,new,5854.46 ARS,https://www.g4descartables.com.ar/productos/bolsa-de-papel-moka-22x10x30-10u-1jzbc/,https://scalelabs-ar.github.io/g4-catalogo-img/img/3bb21015b591be4a.jpg,G4 Descartables,,19
1589473518,BOLSA DE PAPEL NALA 14X08X20 - 10U,"Bolsas de papel de 14 × 8 × 20 cm, ideales para comercios, gastronomía y uso diario.Están fabricadas bajo procesos responsables y con materiales pensados par...",in stock,new,5847.57 ARS,https://www.g4descartables.com.ar/productos/bolsa-de-papel-nala-14x08x20-10u-1vic1/,https://scalelabs-ar.github.io/g4-catalogo-img/img/a7ff4797135d26a7.jpg,G4 Descartables,,16
1600245133,BOLSA DE PAPEL NALA 22X10X30 - 10U,"Bolsas de papel de 22 × 10 × 30 cm, ideales para comercios, gastronomía y take away.Fabricadas bajo procesos responsables, ofrecen una solución práctica y su...",in stock,new,8241.55 ARS,https://www.g4descartables.com.ar/productos/bolsa-de-papel-nala-22x10x30-10u-1rij4/,https://scalelabs-ar.github.io/g4-catalogo-img/img/a855f9c52fe4c39c.jpg,G4 Descartables,,20
1589121970,BOLSA DE PAPEL NARANJA 14X08X20 - 10U,"Bolsas de papel de 14 × 8 × 20 cm, ideales para comercios, gastronomía y uso diario.Están fabricadas bajo procesos responsables y con materiales pensados par...",in stock,new,4514.15 ARS,https://www.g4descartables.com.ar/productos/bolsa-de-papel-naranja-14x08x20-10u-191mw/,https://scalelabs-ar.github.io/g4-catalogo-img/img/aff5abe6972afa02.jpg,G4 Descartables,,28
1589811364,BOLSA DE PAPEL NARANJA 22X10X30 - 10U,"Bolsas de papel de 22 × 10 × 30 cm, ideales para comercios, gastronomía y take away.Fabricadas bajo procesos responsables, ofrecen una solución práctica y su...",in stock,new,5854.46 ARS,https://www.g4descartables.com.ar/productos/bolsa-de-papel-naranja-22x10x30-10u-l05y9/,https://scalelabs-ar.github.io/g4-catalogo-img/img/5638cd3d807c493d.jpg,G4 Descartables,,13
1589475931,BOLSA DE PAPEL PALTAS 14X08X20 - 10U,"Bolsas de papel de 14 × 8 × 20 cm, ideales para comercios, gastronomía y uso diario.Están fabricadas bajo procesos responsables y con materiales pensados par...",in stock,new,5847.57 ARS,https://www.g4descartables.com.ar/productos/bolsa-de-papel-paltas-14x08x20-10u-s9ji4/,https://scalelabs-ar.github.io/g4-catalogo-img/img/4c3366f7bf672708.jpg,G4 Descartables,,5
1589820684,BOLSA DE PAPEL PALTAS 22X10X30 - 10U,"Bolsas de papel de 22 × 10 × 30 cm, ideales para comercios, gastronomía y take away.Fabricadas bajo procesos responsables, ofrecen una solución práctica y su...",in stock,new,8241.55 ARS,https://www.g4descartables.com.ar/productos/bolsa-de-papel-paltas-22x10x30-10u-d59bh/,https://scalelabs-ar.github.io/g4-catalogo-img/img/3cfdd94555f64dc5.jpg,G4 Descartables,,7
1280130400,BOLSA DE PAPEL PARA BOTELLA DE VINO 14X08X35 - 10U,"Comprá online BOLSA DE PAPEL PARA BOTELLA DE VINO 14X08X35 - 10U por $7.353,53. Hacé tu pedido y pagalo online.",out of stock,new,7353.53 ARS,https://www.g4descartables.com.ar/productos/bolsa-de-papel-para-botella-de-vino-14x08x35-10u/,https://scalelabs-ar.github.io/g4-catalogo-img/img/d48de731768b8168.jpg,G4 Descartables,,0
1589123343,BOLSA DE PAPEL PASTEL LILA 14X08X20 - 10U,"Bolsas de papel de 14 × 8 × 20 cm, ideales para comercios, gastronomía y uso diario.Están fabricadas bajo procesos responsables y con materiales pensados par...",in stock,new,4514.15 ARS,https://www.g4descartables.com.ar/productos/bolsa-de-papel-pastel-lila-14x08x20-10u-1fbgy/,https://scalelabs-ar.github.io/g4-catalogo-img/img/3d56746325d67aa9.jpg,G4 Descartables,,46
1589811772,BOLSA DE PAPEL PASTEL LILA 22X10X30 - 10U,"Bolsas de papel de 22 × 10 × 30 cm, ideales para comercios, gastronomía y take away.Fabricadas bajo procesos responsables, ofrecen una solución práctica y su...",in stock,new,5854.46 ARS,https://www.g4descartables.com.ar/productos/bolsa-de-papel-pastel-lila-22x10x30-10u-h3pq6/,https://scalelabs-ar.github.io/g4-catalogo-img/img/8b6e7a078572acd9.jpg,G4 Descartables,,2
1589125141,BOLSA DE PAPEL PASTEL PINK 14X08X20 - 10U,"Bolsas de papel de 14 × 8 × 20 cm, ideales para comercios, gastronomía y uso diario.Están fabricadas bajo procesos responsables y con materiales pensados par...",in stock,new,4514.15 ARS,https://www.g4descartables.com.ar/productos/bolsa-de-papel-pastel-pink-14x08x20-10u-owtgr/,https://scalelabs-ar.github.io/g4-catalogo-img/img/0dac380023a860c5.jpg,G4 Descartables,,13
1589821163,BOLSA DE PAPEL PIMIENTOS 22X10X30 - 10U,"Bolsas de papel de 22 × 10 × 30 cm, ideales para comercios, gastronomía y take away.Fabricadas bajo procesos responsables, ofrecen una solución práctica y su...",in stock,new,8241.55 ARS,https://www.g4descartables.com.ar/productos/bolsa-de-papel-pimientos-22x10x30-10u-rmuud/,https://scalelabs-ar.github.io/g4-catalogo-img/img/9c39fbdfc7866c84.jpg,G4 Descartables,,14
1589812014,BOLSA DE PAPEL PISTACCHIO 22X10X30 - 10U,"Bolsas de papel de 22 × 10 × 30 cm, ideales para comercios, gastronomía y take away.Fabricadas bajo procesos responsables, ofrecen una solución práctica y su...",in stock,new,5854.46 ARS,https://www.g4descartables.com.ar/productos/bolsa-de-papel-pistacchio-22x10x30-10u-rzmiw/,https://scalelabs-ar.github.io/g4-catalogo-img/img/2b4c8fa3f4afcc0d.jpg,G4 Descartables,,15
1589478692,BOLSA DE PAPEL PRISMATIC 14X08X20 - 10U,"Bolsas de papel de 14 × 8 × 20 cm, ideales para comercios, gastronomía y uso diario.Están fabricadas bajo procesos responsables y con materiales pensados par...",in stock,new,5847.57 ARS,https://www.g4descartables.com.ar/productos/bolsa-de-papel-prismatic-14x08x20-10u-50hv5/,https://scalelabs-ar.github.io/g4-catalogo-img/img/4556b4c3983753a4.jpg,G4 Descartables,,22
1589126457,BOLSA DE PAPEL ROJA 14X08X20 - 10U,"Bolsas de papel de 14 × 8 × 20 cm, ideales para comercios, gastronomía y uso diario.Están fabricadas bajo procesos responsables y con materiales pensados par...",in stock,new,4514.15 ARS,https://www.g4descartables.com.ar/productos/bolsa-de-papel-roja-14x08x20-10u-1ko3a/,https://scalelabs-ar.github.io/g4-catalogo-img/img/93eeb24b9f65a2b6.jpg,G4 Descartables,,95
1589812252,BOLSA DE PAPEL ROJA 22X10X30 - 10U,"Bolsas de papel de 22 × 10 × 30 cm, ideales para comercios, gastronomía y take away.Fabricadas bajo procesos responsables, ofrecen una solución práctica y su...",in stock,new,5854.46 ARS,https://www.g4descartables.com.ar/productos/bolsa-de-papel-roja-22x10x30-10u-umgk4/,https://scalelabs-ar.github.io/g4-catalogo-img/img/aa1d74a431f75212.jpg,G4 Descartables,,44
1600248602,BOLSA DE PAPEL SCOTTISH 22X10X30 - 10U,"Bolsas de papel de 22 × 10 × 30 cm, ideales para comercios, gastronomía y take away.Fabricadas bajo procesos responsables, ofrecen una solución práctica y su...",in stock,new,8241.55 ARS,https://www.g4descartables.com.ar/productos/bolsa-de-papel-scottish-22x10x30-10u-sdfy3/,https://scalelabs-ar.github.io/g4-catalogo-img/img/ed5056cd8382a88b.jpg,G4 Descartables,,20
1589128315,BOLSA DE PAPEL VERDE 14X08X20 - 10U,"Bolsas de papel de 14 × 8 × 20 cm, ideales para comercios, gastronomía y uso diario.Están fabricadas bajo procesos responsables y con materiales pensados par...",in stock,new,4514.15 ARS,https://www.g4descartables.com.ar/productos/bolsa-de-papel-verde-14x08x20-10u-8y89w/,https://scalelabs-ar.github.io/g4-catalogo-img/img/d6488ae7ee7c1884.jpg,G4 Descartables,,32
1589812514,BOLSA DE PAPEL VERDE 22X10X30 - 10U,"Bolsas de papel de 22 × 10 × 30 cm, ideales para comercios, gastronomía y take away.Fabricadas bajo procesos responsables, ofrecen una solución práctica y su...",in stock,new,5854.46 ARS,https://www.g4descartables.com.ar/productos/bolsa-de-papel-verde-22x10x30-10u-r813v/,https://scalelabs-ar.github.io/g4-catalogo-img/img/31e5c85eaf16373d.jpg,G4 Descartables,,22
1589497907,BOLSA DE PAPEL VINITO 14X08X40 - 10U,"Bolsas de papel de 14 × 8 × 40 cm, ideales para comercios, gastronomía y uso diario.Están fabricadas bajo procesos responsables y con materiales pensados par...",in stock,new,7353.53 ARS,https://www.g4descartables.com.ar/productos/bolsa-de-papel-vinito-14x08x40-10u-ztirz/,https://scalelabs-ar.github.io/g4-catalogo-img/img/75fbc953bfe97fc0.jpg,G4 Descartables,,19
1589132481,BOLSA DE PAPEL VIOLETA 14X08X20 - 10U,"Bolsas de papel de 14 × 8 × 20 cm, ideales para comercios, gastronomía y uso diario.Están fabricadas bajo procesos responsables y con materiales pensados par...",in stock,new,4514.15 ARS,https://www.g4descartables.com.ar/productos/bolsa-de-papel-violeta-14x08x20-10u-nkwez/,https://scalelabs-ar.github.io/g4-catalogo-img/img/13231a5f83697aee.jpg,G4 Descartables,,29
1589812949,BOLSA DE PAPEL VIOLETA 22X10X30 - 10U,"Bolsas de papel de 22 × 10 × 30 cm, ideales para comercios, gastronomía y take away.Fabricadas bajo procesos responsables, ofrecen una solución práctica y su...",in stock,new,5854.46 ARS,https://www.g4descartables.com.ar/productos/bolsa-de-papel-violeta-22x10x30-10u-cdcfl/,https://scalelabs-ar.github.io/g4-catalogo-img/img/03999999012e1368.jpg,G4 Descartables,,47
1589822351,BOLSA DE PAPEL WAU 22X10X30 - 10U,"Bolsas de papel de 22 × 10 × 30 cm, ideales para comercios, gastronomía y take away.Fabricadas bajo procesos responsables, ofrecen una solución práctica y su...",in stock,new,8241.55 ARS,https://www.g4descartables.com.ar/productos/bolsa-de-papel-wau-22x10x30-10u-wlnb8/,https://scalelabs-ar.github.io/g4-catalogo-img/img/2febafd7e9d66155.jpg,G4 Descartables,,16
872595668,BOLSAS CAMISETA BLANCAS,Descubrí una amplia variedad de medidas de bolsas camisetas. Ideales para negocios que busquen practicidad y eficiencia en el dia a dia.,in stock,new,2349.46 ARS,https://www.g4descartables.com.ar/productos/bolsas-camiseta-blancas/,https://scalelabs-ar.github.io/g4-catalogo-img/img/c054bded5ee26094.jpg,G4 Descartables,,5
872595670,BOLSAS CAMISETA BLANCAS,Descubrí una amplia variedad de medidas de bolsas camisetas. Ideales para negocios que busquen practicidad y eficiencia en el dia a dia.,in stock,new,3909.18 ARS,https://www.g4descartables.com.ar/productos/bolsas-camiseta-blancas/,https://scalelabs-ar.github.io/g4-catalogo-img/img/c054bded5ee26094.jpg,G4 Descartables,,16
872595671,BOLSAS CAMISETA BLANCAS,Descubrí una amplia variedad de medidas de bolsas camisetas. Ideales para negocios que busquen practicidad y eficiencia en el dia a dia.,in stock,new,6832.86 ARS,https://www.g4descartables.com.ar/productos/bolsas-camiseta-blancas/,https://scalelabs-ar.github.io/g4-catalogo-img/img/c054bded5ee26094.jpg,G4 Descartables,,10
872596837,BOLSAS CAMISETA NEGRAS,"Descubrí nuestras bolsas camiseta negras, ideales para negocios que busquen practicidad y eficiencia en el dia a dia.",in stock,new,9496.39 ARS,https://www.g4descartables.com.ar/productos/bolsas-camiseta-negras/,https://scalelabs-ar.github.io/g4-catalogo-img/img/4e3c739f2baadede.jpg,G4 Descartables,,6
1559246930,BOLSAS DE PAPEL ECOMMERCE BLANCAS - 50U,"📦 Bolsas de Papel para Ecommerce – Packaging Sustentable con Doble Adhesivo Bolsas de papel especialmente diseñadas para ecommerce, envíos y logístic...",in stock,new,21556.32 ARS,https://www.g4descartables.com.ar/productos/bolsas-de-papel-ecommerce-50u-lmz65/,https://scalelabs-ar.github.io/g4-catalogo-img/img/4f3f3a24713a97cd.jpg,G4 Descartables,,3
1559246931,BOLSAS DE PAPEL ECOMMERCE BLANCAS - 50U,"📦 Bolsas de Papel para Ecommerce – Packaging Sustentable con Doble Adhesivo Bolsas de papel especialmente diseñadas para ecommerce, envíos y logístic...",in stock,new,25234.80 ARS,https://www.g4descartables.com.ar/productos/bolsas-de-papel-ecommerce-50u-lmz65/,https://scalelabs-ar.github.io/g4-catalogo-img/img/4f3f3a24713a97cd.jpg,G4 Descartables,,4
1559246932,BOLSAS DE PAPEL ECOMMERCE BLANCAS - 50U,"📦 Bolsas de Papel para Ecommerce – Packaging Sustentable con Doble Adhesivo Bolsas de papel especialmente diseñadas para ecommerce, envíos y logístic...",in stock,new,28914.43 ARS,https://www.g4descartables.com.ar/productos/bolsas-de-papel-ecommerce-50u-lmz65/,https://scalelabs-ar.github.io/g4-catalogo-img/img/4f3f3a24713a97cd.jpg,G4 Descartables,,2
1559246933,BOLSAS DE PAPEL ECOMMERCE BLANCAS - 50U,"📦 Bolsas de Papel para Ecommerce – Packaging Sustentable con Doble Adhesivo Bolsas de papel especialmente diseñadas para ecommerce, envíos y logístic...",in stock,new,32280.74 ARS,https://www.g4descartables.com.ar/productos/bolsas-de-papel-ecommerce-50u-lmz65/,https://scalelabs-ar.github.io/g4-catalogo-img/img/4f3f3a24713a97cd.jpg,G4 Descartables,,4
1559247539,BOLSAS DE PAPEL ECOMMERCE MADERA - 50U,"📦 Bolsas de Papel para Ecommerce – Packaging Sustentable con Doble Adhesivo Bolsas de papel especialmente diseñadas para ecommerce, envíos y logístic...",in stock,new,22261.83 ARS,https://www.g4descartables.com.ar/productos/bolsas-de-papel-ecommerce-madera-50u-1e7gm/,https://scalelabs-ar.github.io/g4-catalogo-img/img/665d94180523f58d.jpg,G4 Descartables,,2
1163245410,BOLSAS DOYPACK CRISTAL 26X16CM - 50U,"Bolsa doypack totalmente transparente de 16 × 26,5 × 4,4 cm, ideal para el envasado y exhibición de alimentos y productos secos.Su diseño 100% transparente p...",in stock,new,20664.38 ARS,https://www.g4descartables.com.ar/productos/bolsas-doypack-cristal-26x16cm-x-50-unidades/,https://scalelabs-ar.github.io/g4-catalogo-img/img/4415c0440e4f0905.jpg,G4 Descartables,,43
1490476161,BOLSAS DOYPACK CRISTAL 31X18CM - 25U,"Bolsa doypack de 18 × 31 × 4,5 cm, ideal para el envasado y comercialización de alimentos y productos secos. El interior del envase está diseñado para preser...",in stock,new,14342.13 ARS,https://www.g4descartables.com.ar/productos/bolsas-doypack-cristal-31x18cm-25u-semay/,https://scalelabs-ar.github.io/g4-catalogo-img/img/257910457efaae6e.jpg,G4 Descartables,,100
1163218032,BOLSAS DOYPACK METALIZADAS 26X16CM - 50U,"Bolsa doypack metalizada de 16 × 26,5 × 4,4 cm, ideal para el envasado y comercialización de alimentos y productos secos.Su color metalizado aporta una prese...",in stock,new,22006.88 ARS,https://www.g4descartables.com.ar/productos/bolsas-doypack-metalizadas-26x16cm-x-50-unidades/,https://scalelabs-ar.github.io/g4-catalogo-img/img/c324a11422995722.jpg,G4 Descartables,,49
1490475317,BOLSAS DOYPACK METALIZADAS 31X18CM - 25U,"Bolsa doypack de 18 × 31 × 4,5 cm, ideal para el envasado y comercialización de alimentos y productos secos. El interior del envase está diseñado para preser...",in stock,new,14342.13 ARS,https://www.g4descartables.com.ar/productos/bolsas-doypack-metalizadas-31x18cm-25u-1tsxd/,https://scalelabs-ar.github.io/g4-catalogo-img/img/d869b0bfb9e5864e.jpg,G4 Descartables,,104
1163224835,BOLSAS DOYPACK NEGRAS 26X16CM - 50U,"Bolsa doypack negra de 16 × 26,5 × 4,4 cm, ideal para el envasado y comercialización de alimentos y productos secos.Su color negro opaco aporta una presentac...",in stock,new,24451.68 ARS,https://www.g4descartables.com.ar/productos/bolsas-doypack-negras-26x16cm-x-50-unidades/,https://scalelabs-ar.github.io/g4-catalogo-img/img/32533a6bc7cdaba4.jpg,G4 Descartables,,73
1490474305,BOLSAS DOYPACK NEGRAS 31X18CM - 25U,"Bolsa doypack de 18 × 31 × 4,5 cm, ideal para el envasado y comercialización de alimentos y productos secos. El interior del envase está diseñado para preser...",in stock,new,15243.28 ARS,https://www.g4descartables.com.ar/productos/bolsas-doypack-negras-31x18cm-25u-10hjq/,https://scalelabs-ar.github.io/g4-catalogo-img/img/892b757a5e41febb.jpg,G4 Descartables,,114
1490477502,BOLSAS DOYPACK PAPEL KRAFT 26X16CM - 50U,"Bolsa doypack blanca de 16 × 26,5 × 4,4 cm, ideal para el envasado y exhibición de alimentos y productos secos. Cuenta con cierre tipo zipper, que permite ab...",in stock,new,25308.36 ARS,https://www.g4descartables.com.ar/productos/bolsas-doypack-papel-kraft-26x16cm-50u-10xg2/,https://scalelabs-ar.github.io/g4-catalogo-img/img/86214cdddc474220.jpg,G4 Descartables,,10
1163308006,BOLSAS DOYPACK PAPEL KRAFT 31X18CM - 25U,"Bolsa doypack con exterior de papel kraft de 18 × 31 × 4,5 cm, ideal para el envasado y comercialización de alimentos y productos secos.Su acabado en papel k...",in stock,new,17291.81 ARS,https://www.g4descartables.com.ar/productos/bolsas-doypack-papel-kraft-31x18cm-x-50-unidades/,https://scalelabs-ar.github.io/g4-catalogo-img/img/75da559406d96a22.jpg,G4 Descartables,,147
1215520614,BOLSAS ECOMMERCE CRISTAL 20X40 - 100U,"Bolsa e-commerce transparente de 20 × 40 cm, ideal para envíos por comercio electrónico y mensajería privada cuando se requiere visualización del contenido.S...",in stock,new,12040.71 ARS,https://www.g4descartables.com.ar/productos/bolsas-ecommerce-cristal-20x40-100u/,https://scalelabs-ar.github.io/g4-catalogo-img/img/2bf21c873775ffb8.jpg,G4 Descartables,,9
1215521111,BOLSAS ECOMMERCE CRISTAL 30X40 - 100U,"Bolsa e-commerce transparente de 30 × 40 cm, ideal para envíos por comercio electrónico y mensajería privada cuando se requiere visualización del contenido.S...",in stock,new,15824.38 ARS,https://www.g4descartables.com.ar/productos/bolsas-ecommerce-cristal-30x40-100u/,https://scalelabs-ar.github.io/g4-catalogo-img/img/9a753b1fcff620ad.jpg,G4 Descartables,,2
1215525963,BOLSAS ECOMMERCE CRISTAL 42X67 - 100U,"Bolsa e-commerce transparente de 42 × 67 cm, ideal para envíos de productos grandes mediante comercio electrónico y mensajería privada.Su material totalmente...",in stock,new,33333.08 ARS,https://www.g4descartables.com.ar/productos/bolsas-ecommerce-cristal-42x67-100u/,https://scalelabs-ar.github.io/g4-catalogo-img/img/ea0492308d9eeaa4.jpg,G4 Descartables,,28
1073527584,BOTELLA TERMICA ACERO INOXIDABLE 750ML,"Comprá online BOTELLA TERMICA ACERO INOXIDABLE 750ML por $46.173,60. Hacé tu pedido y pagalo online.",in stock,new,36938.88 ARS,https://www.g4descartables.com.ar/productos/botella-termica-acero-inoxidable-750ml/,https://scalelabs-ar.github.io/g4-catalogo-img/img/2aae6cfc4e068d75.jpg,G4 Descartables,,4
1073527591,BOTELLA TERMICA ACERO INOXIDABLE 750ML,"Comprá online BOTELLA TERMICA ACERO INOXIDABLE 750ML por $46.173,60. Hacé tu pedido y pagalo online.",out of stock,new,36938.88 ARS,https://www.g4descartables.com.ar/productos/botella-termica-acero-inoxidable-750ml/,https://scalelabs-ar.github.io/g4-catalogo-img/img/39ca3e3177b27a76.jpg,G4 Descartables,,0
1073527596,BOTELLA TERMICA ACERO INOXIDABLE 750ML,"Comprá online BOTELLA TERMICA ACERO INOXIDABLE 750ML por $46.173,60. Hacé tu pedido y pagalo online.",in stock,new,36938.88 ARS,https://www.g4descartables.com.ar/productos/botella-termica-acero-inoxidable-750ml/,https://scalelabs-ar.github.io/g4-catalogo-img/img/7cd7790ca7a48cbb.jpg,G4 Descartables,,2
1215547537,BOWL 900CC CON TAPA BIODEGRADABLE - 25U,"Bowl fabricado en caña de azúcar, ideal para comidas tipo bowl, ensaladas, pastas y platos calientes.Su formato redondo y profundo lo hace muy práctico para ...",in stock,new,15456.84 ARS,https://www.g4descartables.com.ar/productos/bowl-900cc-con-tapa-biodegradable-25u/,https://scalelabs-ar.github.io/g4-catalogo-img/img/a60f62fb19b85f71.jpg,G4 Descartables,,11
1051221795,BOWL ENSALADERA APTA MICROONDAS CON TAPA 750ML - 50U,"Bowl descartable color negro, ideal para la presentación y transporte de preparaciones tipo wok y alimentos similares.Su formato cuadrado con buena profundid...",in stock,new,40239.16 ARS,https://www.g4descartables.com.ar/productos/bowl-ensaladera-apta-microondas-con-tapa-750ml-x-50-unidades/,https://scalelabs-ar.github.io/g4-catalogo-img/img/4ef715963945493a.jpg,G4 Descartables,,4
751409234,BUDINERA DE ALUMINIO B60 - 100U,"Descubrí nuestra budinera de aluminio B60, perfecta para hornear. Resistente y práctica, ideal para reuniones y eventos. ¡Compra ahora y disfrutá de la comodidad de cocinar sin complicaciones!",in stock,new,20328.00 ARS,https://www.g4descartables.com.ar/productos/budinera-de-aluminio-b60-x-100-unidades/,https://scalelabs-ar.github.io/g4-catalogo-img/img/33578598d08113db.jpg,G4 Descartables,,3
810091645,BUDINERA DE ALUMINIO B80 - 100U,"Descubrí nuestra budinera de aluminio descartable, perfecta para hornear. Resistente y práctica, ideal para reuniones y eventos. ¡Comprá ahora y disfrutá de la comodidad de cocinar sin complicaciones!",in stock,new,22929.50 ARS,https://www.g4descartables.com.ar/productos/budinera-de-aluminio-b80-x-100-unidades/,https://scalelabs-ar.github.io/g4-catalogo-img/img/e4afdb19a702f3a0.jpg,G4 Descartables,,3
1196524890,BURLETE PARA PUERTAS DE 80CM,"Comprá online BURLETE PARA PUERTAS DE 80CM por $6.727,82. Hacé tu pedido y pagalo online.",in stock,new,6727.82 ARS,https://www.g4descartables.com.ar/productos/burlete-para-puertas-de-80cm/,https://scalelabs-ar.github.io/g4-catalogo-img/img/2e53322c9310fbaa.jpg,G4 Descartables,,19
1196524896,BURLETE PARA PUERTAS DE 80CM,"Comprá online BURLETE PARA PUERTAS DE 80CM por $6.727,82. Hacé tu pedido y pagalo online.",in stock,new,6727.82 ARS,https://www.g4descartables.com.ar/productos/burlete-para-puertas-de-80cm/,https://scalelabs-ar.github.io/g4-catalogo-img/img/c72823654576b3f6.jpg,G4 Descartables,,47
872644754,CENICERO DE ALUMINIO DESCARTABLE - 100U,"Descubrí nuestro cenicero de aluminio descartable, ideal para mantener limpios y seguros tus espacios. Práctico y resistente, perfecto para reuniones al aire libre y eventos.",in stock,new,7436.66 ARS,https://www.g4descartables.com.ar/productos/cenicero-de-aluminio-descartable-x-100-unidades/,https://scalelabs-ar.github.io/g4-catalogo-img/img/6f0bb2c1b2b3ef7b.jpg,G4 Descartables,,19
1338053593,CEPILLO ANATOMICO MULTIUSO,"Cepillo diseñado para una limpieza eficiente de ropa, con mango anatómico que mejora el agarre y base circular que facilita el trabajo sobre distintas superf...",in stock,new,2632.57 ARS,https://www.g4descartables.com.ar/productos/cepillo-anatomico-multiuso/,https://scalelabs-ar.github.io/g4-catalogo-img/img/f3a6034c1ad3c159.jpg,G4 Descartables,,32
1345310604,CEPILLO MULTIUSO CON MANGO,"Cepillo de limpieza con mango, práctico y cómodo de usar, ideal para remover suciedad en ropa, zapatillas y superficies textiles. 📏 Medidas Largo: 28...",in stock,new,2199.59 ARS,https://www.g4descartables.com.ar/productos/cepillo-multiuso-con-mango-ywlj1/,https://scalelabs-ar.github.io/g4-catalogo-img/img/880887fda59e8436.jpg,G4 Descartables,,30
1338057658,CEPILLO MULTIUSO TRADICIONAL,"Cepillo multiuso diseñado para limpieza profunda en superficies exigentes, ideal para remover suciedad difícil en pisos y materiales rugosos. 📏 Medid...",in stock,new,1768.58 ARS,https://www.g4descartables.com.ar/productos/cepillo-multiuso-tradicional/,https://scalelabs-ar.github.io/g4-catalogo-img/img/52e37956509c0a9e.jpg,G4 Descartables,,32
1345315728,CEPILLO SANITARIO CON SOPORTE,"Cepillo sanitario con soporte incluido, ideal para mantener el baño limpio, ordenado e higiénico. Diseñado para una limpieza profunda del inodoro, gracias a ...",in stock,new,6245.22 ARS,https://www.g4descartables.com.ar/productos/cepillo-sanitario-con-soporte-9xdun/,https://scalelabs-ar.github.io/g4-catalogo-img/img/ebc1b24d56b57e68.jpg,G4 Descartables,,56
1345316549,CEPILLO SANITARIO SIN SOPORTE,"Cepillo sanitario diseñado para una limpieza eficiente y profunda del inodoro, gracias a sus cerdas firmes. 📏 Medidas Alto: 32 cm Ancho: 12,5 cm Prof...",in stock,new,3702.87 ARS,https://www.g4descartables.com.ar/productos/cepillo-sanitario-sin-soporte-slyl0/,https://scalelabs-ar.github.io/g4-catalogo-img/img/1a2108ab2876b56f.jpg,G4 Descartables,,77
1259770154,COMPOTERA DESCARTABLE 200CC - 100U,"🍮 Compotera Plástica – Poliestireno Reciclable (Sin Tapa) Compotera descartable ideal para postres, frutas y porciones individuales, fabricada en pol...",in stock,new,25378.54 ARS,https://www.g4descartables.com.ar/productos/compotera-descartable-200cc-100u/,https://scalelabs-ar.github.io/g4-catalogo-img/img/876ecb480937d743.jpg,G4 Descartables,,16
1259770161,COMPOTERA DESCARTABLE 200CC - 100U,"🍮 Compotera Plástica – Poliestireno Reciclable (Sin Tapa) Compotera descartable ideal para postres, frutas y porciones individuales, fabricada en pol...",in stock,new,25378.54 ARS,https://www.g4descartables.com.ar/productos/compotera-descartable-200cc-100u/,https://scalelabs-ar.github.io/g4-catalogo-img/img/c0921a24bd31e12f.jpg,G4 Descartables,,7
1259781857,COMPOTERA DESCARTABLE CON TAPA 200CC - 50U,"🍮 COMPOTERA CON TAPA 🍮 Compotera Plástica con Tapa – Poliestireno Reciclable Compotera descartable con tapa incluida, ideal para transportar ...",in stock,new,24090.50 ARS,https://www.g4descartables.com.ar/productos/compotera-descartable-con-tapa-200cc-50u/,https://scalelabs-ar.github.io/g4-catalogo-img/img/625f6db090edcd37.jpg,G4 Descartables,,2
751418029,BANDEJA 153 PET CON TAPA - 50U,"Nuestra bandeja para sushi es la elección perfecta para presentar tus rolls y nigiris con estilo. Ideal para restaurantes, caterings y aficionados del sushi que buscan calidad y elegancia en cada detalle.",in stock,new,31544.10 ARS,https://www.g4descartables.com.ar/productos/conjunto-base-y-tapa-153-pet-x-50-unidades/,https://scalelabs-ar.github.io/g4-catalogo-img/img/af88e25d97ec4706.jpg,G4 Descartables,,4
970046064,BANDEJA 153 PP CON TAPA - 50U,"Nuestra bandeja para sushi es la elección perfecta para presentar tus rolls y nigiris con estilo. Ideal para restaurantes, caterings y aficionados del sushi que buscan calidad y elegancia en cada detalle.",in stock,new,67372.80 ARS,https://www.g4descartables.com.ar/productos/conjunto-base-y-tapa-153-pp-x-50-unidades/,https://scalelabs-ar.github.io/g4-catalogo-img/img/6e62e8c562a7e588.jpg,G4 Descartables,,11
860190790,BANDEJA COSTILLA LIVIANA CON TAPA - 10U,"Nuestra bandeja para sushi es la elección perfecta para presentar tus rolls y nigiris con estilo. Ideal para restaurantes, caterings y aficionados del sushi que buscan calidad y elegancia en cada detalle.",in stock,new,36249.91 ARS,https://www.g4descartables.com.ar/productos/conjunto-costilla-liviano-x-10-unidades/,https://scalelabs-ar.github.io/g4-catalogo-img/img/db379707b3456332.jpg,G4 Descartables,,12
751418744,BANDEJA MEDIA COSTILLA PET CON TAPA - 50U,"Nuestra bandeja para sushi es la elección perfecta para presentar tus rolls y nigiris con estilo y seguridad. Ideal para restaurantes, caterings y aficionados del sushi que buscan calidad y elegancia en cada detalle.",in stock,new,51704.51 ARS,https://www.g4descartables.com.ar/productos/conjunto-media-costilla-pet-x-50-unidades/,https://scalelabs-ar.github.io/g4-catalogo-img/img/c4b85c2a0ddf81ef.jpg,G4 Descartables,,11
970046071,BANDEJA MEDIA COSTILLA PP CON TAPA - 50U,"Nuestra bandeja para sushi es la elección perfecta para presentar tus rolls y nigiris con estilo y seguridad. Ideal para restaurantes, caterings y aficionados del sushi que buscan calidad y elegancia en cada detalle.",in stock,new,92275.81 ARS,https://www.g4descartables.com.ar/productos/conjunto-media-costilla-pp-x-50-unidades/,https://scalelabs-ar.github.io/g4-catalogo-img/img/c60ac593253dc91c.jpg,G4 Descartables,,10
1081892713,COPA DE CHAMPAGNE ACRILICO 220ML - 4U,"Copa de champagne fabricada en acrílico reutilizable, ideal para brindis, celebraciones y eventos especiales.Ofrece una presentación elegante, similar al vid...",in stock,new,4325.33 ARS,https://www.g4descartables.com.ar/productos/copa-de-champagne-220ml-acrilico-x-4-unidades/,https://scalelabs-ar.github.io/g4-catalogo-img/img/9c7d7ca6a78e574e.jpg,G4 Descartables,,1111
1390643799,COPA DE LICOR 50ML ACRILICO - 10U,"Copa de licor fabricada en acrílico reutilizable, ideal para degustaciones, brindis y servicio de bebidas espirituosas.Su diseño compacto y totalmente transp...",in stock,new,2074.87 ARS,https://www.g4descartables.com.ar/productos/copa-de-licor-50ml-acrilico-x-10-unidades-rtu7u/,https://scalelabs-ar.github.io/g4-catalogo-img/img/313680df9f55e81e.jpg,G4 Descartables,,43
1081888433,COPA DE VINO ACRILICO 260ML - 4U,"Copa de vino fabricada en acrílico reutilizable, ideal para eventos, celebraciones y degustaciones.Ofrece una estética elegante similar al vidrio, con la ven...",in stock,new,4480.27 ARS,https://www.g4descartables.com.ar/productos/copa-de-vino-260ml-acrilico-x-4-unidades/,https://scalelabs-ar.github.io/g4-catalogo-img/img/c507a0de827890f0.jpg,G4 Descartables,,829
1078741743,CUCHARA DESCARTABLE PARA COMIDA RAPIDA - 50U,"Cuchara descartable fabricada en poliestireno, ideal para postres, comidas frías o preparaciones semilíquidas.Su forma cómoda permite un uso práctico en even...",in stock,new,1903.52 ARS,https://www.g4descartables.com.ar/productos/cuchara-descartable-para-comida-rapida-x-50-unidades/,https://scalelabs-ar.github.io/g4-catalogo-img/img/99a77de0f11e6345.jpg,G4 Descartables,,40
1265901742,CUCHARA DESCARTABLE PARA COMIDA RAPIDA - 50U,"Cuchara descartable fabricada en poliestireno, ideal para postres, comidas frías o preparaciones semilíquidas.Su forma cómoda permite un uso práctico en even...",in stock,new,1903.52 ARS,https://www.g4descartables.com.ar/productos/cuchara-descartable-para-comida-rapida-x-50-unidades/,https://scalelabs-ar.github.io/g4-catalogo-img/img/99a77de0f11e6345.jpg,G4 Descartables,,137
1078755002,CUCHARA SOBREMESA PARA POSTRE - 50U,"Cuchara de sobremesa descartable, ideal para el consumo de postres y preparaciones dulces.Su tamaño más corto la hace cómoda y práctica para servir y consumi...",out of stock,new,1501.15 ARS,https://www.g4descartables.com.ar/productos/cuchara-descartable-para-postres-x-50-unidades/,https://scalelabs-ar.github.io/g4-catalogo-img/img/c6a4861e93442778.jpg,G4 Descartables,,0
1078746767,CUCHARA SOBREMESA PARA POSTRE - 50U,"Cuchara de sobremesa descartable, ideal para el consumo de postres y preparaciones dulces.Su tamaño más corto la hace cómoda y práctica para servir y consumi...",out of stock,new,1501.15 ARS,https://www.g4descartables.com.ar/productos/cuchara-descartable-para-postres-x-50-unidades/,https://scalelabs-ar.github.io/g4-catalogo-img/img/c6a4861e93442778.jpg,G4 Descartables,,0
1078746760,CUCHARA SOBREMESA PARA POSTRE - 50U,"Cuchara de sobremesa descartable, ideal para el consumo de postres y preparaciones dulces.Su tamaño más corto la hace cómoda y práctica para servir y consumi...",in stock,new,1501.15 ARS,https://www.g4descartables.com.ar/productos/cuchara-descartable-para-postres-x-50-unidades/,https://scalelabs-ar.github.io/g4-catalogo-img/img/c6a4861e93442778.jpg,G4 Descartables,,58
1090836266,CUCHARA SOBREMESA PARA POSTRE - 50U,"Cuchara de sobremesa descartable, ideal para el consumo de postres y preparaciones dulces.Su tamaño más corto la hace cómoda y práctica para servir y consumi...",out of stock,new,1501.15 ARS,https://www.g4descartables.com.ar/productos/cuchara-descartable-para-postres-x-50-unidades/,https://scalelabs-ar.github.io/g4-catalogo-img/img/c6a4861e93442778.jpg,G4 Descartables,,0
1090836268,CUCHARA SOBREMESA PARA POSTRE - 50U,"Cuchara de sobremesa descartable, ideal para el consumo de postres y preparaciones dulces.Su tamaño más corto la hace cómoda y práctica para servir y consumi...",out of stock,new,1501.15 ARS,https://www.g4descartables.com.ar/productos/cuchara-descartable-para-postres-x-50-unidades/,https://scalelabs-ar.github.io/g4-catalogo-img/img/c6a4861e93442778.jpg,G4 Descartables,,0
1078740197,CUCHILLO DESCARTABLE PARA COMIDA RAPIDA - 50U,"Cuchillo descartable de poliestireno, diseñado para el corte de alimentos fríos o templados.Muy utilizado en eventos, comidas para llevar y servicios gastron...",in stock,new,1989.75 ARS,https://www.g4descartables.com.ar/productos/cuchillo-descartable-para-comida-rapida-x-50-unidades/,https://scalelabs-ar.github.io/g4-catalogo-img/img/e9aea981794fc8d9.jpg,G4 Descartables,,108
1345283837,DESTAPADOR PARA PILETA DE COCINA,"Destapador diseñado especialmente para piletas de cocina, ideal para destapar cañerías de forma rápida y efectiva sin necesidad de productos químicos. Ԃ...",in stock,new,4913.42 ARS,https://www.g4descartables.com.ar/productos/destapador-para-pileta-de-cocina-k7vdd/,https://scalelabs-ar.github.io/g4-catalogo-img/img/f6d2058807796b38.jpg,G4 Descartables,,38
1345274756,DESTAPADOR SANITARIO CON PALO,"Destapador sanitario diseñado para inodoros, ideal para resolver obstrucciones de forma rápida, práctica y sin productos químicos. 📏 Medidas Alto: 49...",in stock,new,8580.30 ARS,https://www.g4descartables.com.ar/productos/destapador-sanitario-con-palo-7wqhh/,https://scalelabs-ar.github.io/g4-catalogo-img/img/4c30bec862ac83a5.jpg,G4 Descartables,,55
751411615,ENSALADERA CUADRADA 1050ML CON TAPA - 50U,"Nuestra ensaladera de plástico con tapa ofrece conveniencia y frescura en un solo producto. Perfecta para ensaladas frescas, ideal para eventos y preparaciones al aire libre.",in stock,new,36609.76 ARS,https://www.g4descartables.com.ar/productos/ensaladera-cuadrada-1050ml-con-tapa-x-50-unidades-pc7m2/,https://scalelabs-ar.github.io/g4-catalogo-img/img/81a16b44c482424e.jpg,G4 Descartables,,3
1494768608,ENSALADERA DE POLIPAPEL 47OZ - 25U,"Ensaladera de polipapel resistente, ideal para gastronomía, delivery y take away. Su formato amplio permite servir y transportar alimentos de forma práctica ...",in stock,new,23308.27 ARS,https://www.g4descartables.com.ar/productos/ensaladera-de-polipapel-47oz-25u-9gzfl/,https://scalelabs-ar.github.io/g4-catalogo-img/img/a2d70578a4c3f218.jpg,G4 Descartables,,87
1494768610,ENSALADERA DE POLIPAPEL 47OZ - 25U,"Ensaladera de polipapel resistente, ideal para gastronomía, delivery y take away. Su formato amplio permite servir y transportar alimentos de forma práctica ...",in stock,new,11931.48 ARS,https://www.g4descartables.com.ar/productos/ensaladera-de-polipapel-47oz-25u-9gzfl/,https://scalelabs-ar.github.io/g4-catalogo-img/img/55261f39ede26bfb.jpg,G4 Descartables,,87
1494768611,ENSALADERA DE POLIPAPEL 47OZ - 25U,"Ensaladera de polipapel resistente, ideal para gastronomía, delivery y take away. Su formato amplio permite servir y transportar alimentos de forma práctica ...",in stock,new,22659.83 ARS,https://www.g4descartables.com.ar/productos/ensaladera-de-polipapel-47oz-25u-9gzfl/,https://scalelabs-ar.github.io/g4-catalogo-img/img/29e426fcd947207d.jpg,G4 Descartables,,44
1494768612,ENSALADERA DE POLIPAPEL 47OZ - 25U,"Ensaladera de polipapel resistente, ideal para gastronomía, delivery y take away. Su formato amplio permite servir y transportar alimentos de forma práctica ...",in stock,new,11283.04 ARS,https://www.g4descartables.com.ar/productos/ensaladera-de-polipapel-47oz-25u-9gzfl/,https://scalelabs-ar.github.io/g4-catalogo-img/img/b88bc39cab1c9493.jpg,G4 Descartables,,44
1259818897,ENSALADERA GENOA 400CC - 100U,"Ensaladera descartable de 400cc, ideal para porciones individuales. Fabricada en poliestireno reciclable, práctica y funcional para gastronomía y uso diario....",in stock,new,34333.75 ARS,https://www.g4descartables.com.ar/productos/ensaladera-genoa-400cc-100u/,https://scalelabs-ar.github.io/g4-catalogo-img/img/f5440b3525709856.jpg,G4 Descartables,,1
1259818905,ENSALADERA GENOA 400CC - 100U,"Ensaladera descartable de 400cc, ideal para porciones individuales. Fabricada en poliestireno reciclable, práctica y funcional para gastronomía y uso diario....",out of stock,new,29358.23 ARS,https://www.g4descartables.com.ar/productos/ensaladera-genoa-400cc-100u/,https://scalelabs-ar.github.io/g4-catalogo-img/img/0fbdcd75af5faaa6.jpg,G4 Descartables,,0
1261414876,ENSALADERA GENOA 400CC CON TAPA - 100U,"Ensaladera descartable de 400cc con tapa incluida, ideal para porciones individuales con transporte seguro. Perfecta para delivery y take away. 📦 Inc...",in stock,new,59266.91 ARS,https://www.g4descartables.com.ar/productos/ensaladera-genoa-400cc-con-tapa-100u/,https://scalelabs-ar.github.io/g4-catalogo-img/img/e94066b14cec6cd1.jpg,G4 Descartables,,1
1261414879,ENSALADERA GENOA 400CC CON TAPA - 100U,"Ensaladera descartable de 400cc con tapa incluida, ideal para porciones individuales con transporte seguro. Perfecta para delivery y take away. 📦 Inc...",out of stock,new,55591.03 ARS,https://www.g4descartables.com.ar/productos/ensaladera-genoa-400cc-con-tapa-100u/,https://scalelabs-ar.github.io/g4-catalogo-img/img/ac7861902444cdd0.jpg,G4 Descartables,,0
1259824923,ENSALADERA GENOA 650CC - 100U,"Ensaladera descartable de 650cc, ideal para porciones medianas. Versátil y resistente para gastronomía, delivery o uso doméstico. 📏 Medidas Diámetro:...",in stock,new,40345.03 ARS,https://www.g4descartables.com.ar/productos/ensaladera-genoa-650cc-100u/,https://scalelabs-ar.github.io/g4-catalogo-img/img/6713406018649de9.jpg,G4 Descartables,,1
1259824929,ENSALADERA GENOA 650CC - 100U,"Ensaladera descartable de 650cc, ideal para porciones medianas. Versátil y resistente para gastronomía, delivery o uso doméstico. 📏 Medidas Diámetro:...",in stock,new,32815.20 ARS,https://www.g4descartables.com.ar/productos/ensaladera-genoa-650cc-100u/,https://scalelabs-ar.github.io/g4-catalogo-img/img/81cbcaa1d78ddcb0.jpg,G4 Descartables,,1
1261416218,ENSALADERA GENOA 650CC CON TAPA - 100U,"Ensaladera descartable de 650cc con tapa incluida, ideal para porciones medianas y transporte seguro de alimentos. 📦 Incluye 100 ensaladeras 100 tapa...",in stock,new,65278.19 ARS,https://www.g4descartables.com.ar/productos/ensaladera-genoa-650cc-con-tapa-100u/,https://scalelabs-ar.github.io/g4-catalogo-img/img/9512d552ff67d102.jpg,G4 Descartables,,1
1261416219,ENSALADERA GENOA 650CC CON TAPA - 100U,"Ensaladera descartable de 650cc con tapa incluida, ideal para porciones medianas y transporte seguro de alimentos. 📦 Incluye 100 ensaladeras 100 tapa...",in stock,new,59048.00 ARS,https://www.g4descartables.com.ar/productos/ensaladera-genoa-650cc-con-tapa-100u/,https://scalelabs-ar.github.io/g4-catalogo-img/img/a3c12890ebeade4f.jpg,G4 Descartables,,1
1259830364,ENSALADERA GENOA 850CC - 100U,"Ensaladera descartable de 850cc, ideal para porciones grandes o platos completos. Excelente opción para delivery y consumo abundante. 📏 Medidas Diáme...",in stock,new,46132.46 ARS,https://www.g4descartables.com.ar/productos/ensaladera-genoa-850cc-100u/,https://scalelabs-ar.github.io/g4-catalogo-img/img/81b4863fb52ac475.jpg,G4 Descartables,,2
1259830372,ENSALADERA GENOA 850CC - 100U,"Ensaladera descartable de 850cc, ideal para porciones grandes o platos completos. Excelente opción para delivery y consumo abundante. 📏 Medidas Diáme...",in stock,new,36417.37 ARS,https://www.g4descartables.com.ar/productos/ensaladera-genoa-850cc-100u/,https://scalelabs-ar.github.io/g4-catalogo-img/img/7e365f8230e43b31.jpg,G4 Descartables,,3
1261417562,ENSALADERA GENOA 850CC CON TAPA - 100U,"Ensaladera descartable de 850cc con tapa incluida, ideal para porciones grandes y transporte seguro en delivery. 📦 Incluye 100 ensaladeras 100 tapas ...",in stock,new,71065.62 ARS,https://www.g4descartables.com.ar/productos/ensaladera-genoa-850cc-con-tapa-100u/,https://scalelabs-ar.github.io/g4-catalogo-img/img/77039729253190b5.jpg,G4 Descartables,,2
1261417563,ENSALADERA GENOA 850CC CON TAPA - 100U,"Ensaladera descartable de 850cc con tapa incluida, ideal para porciones grandes y transporte seguro en delivery. 📦 Incluye 100 ensaladeras 100 tapas ...",in stock,new,62650.17 ARS,https://www.g4descartables.com.ar/productos/ensaladera-genoa-850cc-con-tapa-100u/,https://scalelabs-ar.github.io/g4-catalogo-img/img/c70af203030d1985.jpg,G4 Descartables,,3
800134853,ENSALADERA 900CC CON SEPARADOR Y TAPA - 50U,"Nuestra ensaladera de plástico con tapa ofrece conveniencia y frescura en un solo producto. Perfecta para ensaladas frescas, ideal para eventos y preparaciones al aire libre.",in stock,new,38636.51 ARS,https://www.g4descartables.com.ar/productos/ensaladera-redonda-900ml-con-separador-y-tapa-x-50-unidades/,https://scalelabs-ar.github.io/g4-catalogo-img/img/a34d41e0aaa30449.jpg,G4 Descartables,,6
1338039333,ESCOBA GIRASOL CON CABO,"Escoba completa con cabo incluido de 136 cm, ideal para una limpieza cómoda y eficiente en el día a día. Sus cerdas de espesor medio permiten barrer distinto...",in stock,new,6805.09 ARS,https://www.g4descartables.com.ar/productos/escoba-girasol-con-cabo/,https://scalelabs-ar.github.io/g4-catalogo-img/img/a91c26f19fdcbf4e.jpg,G4 Descartables,,42
1338039724,ESCOBA GIRASOL SIN CABO,"Escoba práctica y resistente, ideal para limpieza diaria. Sus cerdas de espesor medio permiten barrer eficazmente distintos tipos de superficies. 📦 P...",in stock,new,4570.44 ARS,https://www.g4descartables.com.ar/productos/escoba-girasol-sin-cabo/,https://scalelabs-ar.github.io/g4-catalogo-img/img/419f507b27ac409e.jpg,G4 Descartables,,12
1338035397,ESCOBILLON 27CM CON CABO,"Escobillón completo con cabo incluido de 128 cm, ideal para limpieza exigente y superficies difíciles. Sus cerdas rígidas permiten remover suciedad pesada co...",in stock,new,8934.95 ARS,https://www.g4descartables.com.ar/productos/escobillon-27cm-con-cabo/,https://scalelabs-ar.github.io/g4-catalogo-img/img/d9834e37f8b7cc41.jpg,G4 Descartables,,38
1338035886,ESCOBILLON 27CM SIN CABO,"Escobillón resistente, ideal para limpieza exigente y superficies difíciles, gracias a sus cerdas rígidas que permiten remover suciedad más pesada con facili...",in stock,new,6353.90 ARS,https://www.g4descartables.com.ar/productos/escobillon-27cm-sin-cabo/,https://scalelabs-ar.github.io/g4-catalogo-img/img/05d8a7338feceddd.jpg,G4 Descartables,,17
1196475813,ESPONJA MULTIUSO ALKLIN - 4U,"Comprá online ESPONJA MULTIUSO ALKLIN - 4U por $1.531,40. Hacé tu pedido y pagalo online.",in stock,new,1531.40 ARS,https://www.g4descartables.com.ar/productos/esponja-multiuso-alklin-pack-x-4/,https://scalelabs-ar.github.io/g4-catalogo-img/img/055b13cebdf3eec5.jpg,G4 Descartables,,480
1196470630,ESPONJA MULTIUSO ALKLIN,"Comprá online ESPONJA MULTIUSO ALKLIN por $430,18. Hacé tu pedido y pagalo online.",in stock,new,430.18 ARS,https://www.g4descartables.com.ar/productos/esponja-multiuso-alklin/,https://scalelabs-ar.github.io/g4-catalogo-img/img/38fb47e35bde1f48.jpg,G4 Descartables,,29
1196424678,ESPONJA MULTIUSO BRILHEX - 4U,"Comprá online ESPONJA MULTIUSO BRILHEX - 4U por $1.345,88. Hacé tu pedido y pagalo online.",out of stock,new,1345.88 ARS,https://www.g4descartables.com.ar/productos/esponja-multiuso-brilhex-pack-x-4/,https://scalelabs-ar.github.io/g4-catalogo-img/img/83d813881d244085.jpg,G4 Descartables,,0
1196421887,ESPONJA MULTIUSO BRILHEX,"Comprá online ESPONJA MULTIUSO BRILHEX por $385,26. Hacé tu pedido y pagalo online.",in stock,new,385.26 ARS,https://www.g4descartables.com.ar/productos/esponja-multiuso-brilhex/,https://scalelabs-ar.github.io/g4-catalogo-img/img/0d5568b2a7f94fa8.jpg,G4 Descartables,,1181
1196483639,ESPONJA MULTIUSO SALVAUÑAS,"Comprá online ESPONJA MULTIUSO SALVAUÑAS por $596,24. Hacé tu pedido y pagalo online.",in stock,new,596.24 ARS,https://www.g4descartables.com.ar/productos/esponja-multiuso-salvaunas/,https://scalelabs-ar.github.io/g4-catalogo-img/img/6d126f8821ff08f7.jpg,G4 Descartables,,877
751414926,ESTUCHE PLASTICO 133 PET - 50U,"Descubrí nuestra bandeja de plástico 133. Ideal para hogares, pastelerías y negocios que requieren practicidad y eficiencia en cada uso.",in stock,new,28398.70 ARS,https://www.g4descartables.com.ar/productos/estuche-133-pet-x-50-unidades/,https://scalelabs-ar.github.io/g4-catalogo-img/img/0a74a609f9aec880.jpg,G4 Descartables,,16
751416044,ESTUCHE PLASTICO 142 PET - 100U,"Descubrí nuestra bandeja de plástico 142. Ideal para hogares, pastelerías y negocios que requieren practicidad y eficiencia en cada uso.",in stock,new,36096.72 ARS,https://www.g4descartables.com.ar/productos/estuche-142-pet-x-100-unidades/,https://scalelabs-ar.github.io/g4-catalogo-img/img/c2960e390bb7df61.jpg,G4 Descartables,,4
860170687,ESTUCHE PLASTICO 142 PP - 100U,"Descubrí nuestra bandeja de plástico 142. Ideal para hogares, pastelerías y negocios que requieren practicidad y eficiencia en cada uso.",in stock,new,42818.27 ARS,https://www.g4descartables.com.ar/productos/estuche-142-pp-x-100-unidades/,https://scalelabs-ar.github.io/g4-catalogo-img/img/cc0bd989619b4bfb.jpg,G4 Descartables,,2
751416622,ESTUCHE PLASTICO 143 PET - 50U,"Descubrí nuestra bandeja de plástico 143. Ideal para hogares, pastelerías y negocios que requieren practicidad y eficiencia en cada uso.",in stock,new,23585.32 ARS,https://www.g4descartables.com.ar/productos/estuche-143-pet-x-50-unidades/,https://scalelabs-ar.github.io/g4-catalogo-img/img/2fcdb63112ca27df.jpg,G4 Descartables,,5
860173509,ESTUCHE PLASTICO 143 PP - 50U,Descubrí nuestra bandeja de plástico 143. Ideal para hogares y negocios de comida que requieren practicidad y eficiencia en cada uso.,in stock,new,26258.21 ARS,https://www.g4descartables.com.ar/productos/estuche-143-pp-x-50-unidades/,https://scalelabs-ar.github.io/g4-catalogo-img/img/c28995c61ff1fb81.jpg,G4 Descartables,,9
970046058,ESTUCHE PLASTICO 145 PET - 50U,"Descubrí nuestra bandeja de plástico 145. Ideal para hogares, y negocios de comida que requieren practicidad y eficiencia en cada uso.",in stock,new,39923.35 ARS,https://www.g4descartables.com.ar/productos/estuche-145-pet-x-50-unidades/,https://scalelabs-ar.github.io/g4-catalogo-img/img/65daa7380106065e.jpg,G4 Descartables,,1
860175611,ESTUCHE PLASTICO 145 PP - 50U,"Descubrí nuestra bandeja de plástico 145. Ideal para hogares, y negocios de comida que requieren practicidad y eficiencia en cada uso.",in stock,new,49253.66 ARS,https://www.g4descartables.com.ar/productos/estuche-145-pp-x-50-unidades/,https://scalelabs-ar.github.io/g4-catalogo-img/img/4bf1d71d2cbe6953.jpg,G4 Descartables,,6
751417522,ESTUCHE PLASTICO 146 PP CON 3 DIVISIONES - 50U,Descubrí nuestra bandeja de plástico 146 con 3 divisiones. Ideal para negocios de comida que requieren practicidad y eficiencia en cada uso.,in stock,new,50744.38 ARS,https://www.g4descartables.com.ar/productos/estuche-146-pp-con-3-divisiones-x-50-unidades/,https://scalelabs-ar.github.io/g4-catalogo-img/img/95a569120caa557c.jpg,G4 Descartables,,7
970046102,ESTUCHE PLASTICO 161 PET - 100U,"Bandejas con tapa bisagra fabricadas en material PET, ideales para la presentación, conservación y transporte de alimentos fríos.Se destacan por su excelente...",in stock,new,22037.73 ARS,https://www.g4descartables.com.ar/productos/estuche-161-pet-x-100-unidades/,https://scalelabs-ar.github.io/g4-catalogo-img/img/2540ed45e85f0a27.jpg,G4 Descartables,,8
1056303902,ESTUCHE CLAMSHELL 1KG PERFORADO - 100U,"Clamshell de PET perforado de gran capacidad, ideal para frutas en mayor cantidad o formatos familiares.Su diseño alto y ventilado permite conservar frutas f...",in stock,new,27796.12 ARS,https://www.g4descartables.com.ar/productos/estuche-clamshell-frutas-1-kg-perforado-x-100-unidades/,https://scalelabs-ar.github.io/g4-catalogo-img/img/6fbfcb34a8d99e6e.jpg,G4 Descartables,,9
1056295255,ESTUCHE CLAMSHELL 250GR SIN PERFORACIONES - 100U,"Estuche descartable fabricado en material PET, ideal para la presentación, conservación y transporte de productos fríos.Se destaca por su excelente transpare...",in stock,new,27366.57 ARS,https://www.g4descartables.com.ar/productos/estuche-clamshell-frutas-250-grs-sin-perforaciones-x-100-unidades/,https://scalelabs-ar.github.io/g4-catalogo-img/img/ce8eb81e5947cef5.jpg,G4 Descartables,,2
1056298091,ESTUCHE CLAMSHELL 500GR PERFORADO - 100U,"Clamshell descartable fabricado en material PET perforado, ideal para el envasado, exhibición y transporte de frutas frescas.Las perforaciones permiten una c...",in stock,new,37922.61 ARS,https://www.g4descartables.com.ar/productos/estuche-clamshell-frutas-500-grs-perforado-x-100-unidades/,https://scalelabs-ar.github.io/g4-catalogo-img/img/c3bc768e382a685d.jpg,G4 Descartables,,18
1056301278,ESTUCHE CLAMSHELL 750GR PERFORADO - 100U,"Clamshell de PET perforado, diseñado para contener porciones medianas de frutas frescas de forma segura y visible.Su altura mayor permite alojar frutas con v...",in stock,new,54718.62 ARS,https://www.g4descartables.com.ar/productos/estuche-clamshell-frutas-750-grs-perforado-x-100-unidades/,https://scalelabs-ar.github.io/g4-catalogo-img/img/604e5552e28a399f.jpg,G4 Descartables,,2
970046122,ESTUCHE CUADRADO ALTO - 25U,"Estuche cuadrado descartable fabricado en material PET con tapa bisagra integrada, ideal para la presentación, conservación y transporte de productos de past...",in stock,new,30381.29 ARS,https://www.g4descartables.com.ar/productos/estuche-cuadrado-alto-x-25-unidades/,https://scalelabs-ar.github.io/g4-catalogo-img/img/334ae57e7bf61e1d.jpg,G4 Descartables,,4
970046118,ESTUCHE CUADRADO MEDIO - 25U,"Estuche cuadrado descartable fabricado en material PET con tapa bisagra integrada, ideal para la presentación, conservación y transporte de productos de past...",out of stock,new,16884.64 ARS,https://www.g4descartables.com.ar/productos/estuche-cuadrado-medio-x-25-unidades/,https://scalelabs-ar.github.io/g4-catalogo-img/img/6d43a0d6ea781134.jpg,G4 Descartables,,0
1056266202,ESTUCHE MAPLE PARA 12 HUEVOS - 100U,"Estuche descartable para huevos con mayor capacidad, ideal para venta y transporte en volumen.Su diseño interno permite alojar 12 huevos de forma ordenada y ...",in stock,new,36578.30 ARS,https://www.g4descartables.com.ar/productos/estuche-maple-para-12-huevos-x-100-unidades/,https://scalelabs-ar.github.io/g4-catalogo-img/img/799a3705c97bbd50.jpg,G4 Descartables,,5
1056266208,ESTUCHE MAPLE PARA 12 HUEVOS - 100U,"Estuche descartable para huevos con mayor capacidad, ideal para venta y transporte en volumen.Su diseño interno permite alojar 12 huevos de forma ordenada y ...",out of stock,new,40487.81 ARS,https://www.g4descartables.com.ar/productos/estuche-maple-para-12-huevos-x-100-unidades/,https://scalelabs-ar.github.io/g4-catalogo-img/img/69d2af3a3900336f.jpg,G4 Descartables,,0
1056253754,ESTUCHE MAPLE PARA 6 HUEVOS - 100U,"Estuche descartable diseñado para el almacenamiento y transporte seguro de huevos.Su formato interno mantiene cada huevo separado y protegido, reduciendo el ...",in stock,new,17771.27 ARS,https://www.g4descartables.com.ar/productos/estuche-maple-para-6-huevos-x-100-unidades/,https://scalelabs-ar.github.io/g4-catalogo-img/img/3b369dd9a5d7573e.jpg,G4 Descartables,,19
970046129,ESTUCHE MULTIPROPOSITO 1000ML - 50U,"Bandejas con tapa bisagra fabricadas en material PET, ideales para la presentación, conservación y transporte de alimentos fríos.Se destacan por su excelente...",in stock,new,30691.05 ARS,https://www.g4descartables.com.ar/productos/estuche-multiproposito-1000ml-x-50-unidades/,https://scalelabs-ar.github.io/g4-catalogo-img/img/15f06d0fdbbefc67.jpg,G4 Descartables,,1
970046127,ESTUCHE MULTIPROPOSITO 500ML - 50U,"Bandejas con tapa bisagra fabricadas en material PET, ideales para la presentación, conservación y transporte de alimentos fríos.Se destacan por su excelente...",in stock,new,33466.18 ARS,https://www.g4descartables.com.ar/productos/estuche-multiproposito-500ml-x-50-unidades/,https://scalelabs-ar.github.io/g4-catalogo-img/img/23bfd6674b82ecc8.jpg,G4 Descartables,,5
872602055,ESTUCHE PARA HAMBURGUESA - 200U,Descubrí nuestro estuche PSE para hamburguesas. Ideal para negocios de comida que requieren practicidad y eficiencia en cada uso.,in stock,new,44029.48 ARS,https://www.g4descartables.com.ar/productos/estuche-para-hamburguesa-x-200-unidades/,https://scalelabs-ar.github.io/g4-catalogo-img/img/8b20ea49b8b6b2a2.jpg,G4 Descartables,,3
1051177456,ESTUCHE PARA MUFFINS - 25U,"Estuche descartable fabricado en material PET con tapa bisagra integrada, diseñado especialmente para el transporte y presentación de muffins.Cuenta con capa...",out of stock,new,23568.08 ARS,https://www.g4descartables.com.ar/productos/estuche-para-muffins-x-25-unidades/,https://scalelabs-ar.github.io/g4-catalogo-img/img/2008118c68316966.jpg,G4 Descartables,,0
800143842,ESTUCHE PLASTICO PARA SANDWICH CON TAPA - 75U,"Descubrí nuestra estuche de plástico para sandwich. Ideal para hogares, y negocios de comida que requieren practicidad y eficiencia en cada uso.",in stock,new,26258.51 ARS,https://www.g4descartables.com.ar/productos/estuche-para-sandwich-pet-con-tapa-x-75-unidades/,https://scalelabs-ar.github.io/g4-catalogo-img/img/58475897bc955074.jpg,G4 Descartables,,12
872607288,ESTUCHE PROFUNDO - 200U,Descubrí nuestro estuche profundo PSE. Ideal para negocios de comida que requieren practicidad y eficiencia en cada uso.,in stock,new,58593.04 ARS,https://www.g4descartables.com.ar/productos/estuche-profundo-x-200-unidades/,https://scalelabs-ar.github.io/g4-catalogo-img/img/0eb5ceb3a13f52ab.jpg,G4 Descartables,,6
970046108,ESTUCHE RECTANGULAR ALTO - 25U,"Estuche rectangular descartable fabricado en material PET con tapa bisagra integrada, ideal para la presentación, conservación y transporte de productos de p...",in stock,new,18250.13 ARS,https://www.g4descartables.com.ar/productos/estuche-rectangular-alto-x-25-unidades/,https://scalelabs-ar.github.io/g4-catalogo-img/img/0aba68f91267ca9d.jpg,G4 Descartables,,1
970046116,ESTUCHE RECTANGULAR BAJO - 25U,"Estuche rectangular descartable fabricado en material PET con tapa bisagra integrada, ideal para la presentación, conservación y transporte de productos de p...",in stock,new,18215.34 ARS,https://www.g4descartables.com.ar/productos/estuche-rectangular-bajo-x-25-unidades/,https://scalelabs-ar.github.io/g4-catalogo-img/img/1c520b6f1729c019.jpg,G4 Descartables,,12
1338018283,FIBRA ESPONJA ABRASIVA VERDE - 2U,"Esponja resistente fabricada con fibra abrasiva, ideal para remover suciedad difícil y grasa adherida en superficies exigentes. 📦 Presentación 2 espo...",in stock,new,2301.83 ARS,https://www.g4descartables.com.ar/productos/fibra-esponja-abrasiva-verde-2u/,https://scalelabs-ar.github.io/g4-catalogo-img/img/c862ba4a02d6cbf2.jpg,G4 Descartables,,48
1196519825,FRANELA 28X38CM NARANJA - 3U,"Franelas de limpieza fabricadas en 100% algodón, ideales para lograr un acabado impecable sin rayar ni dejar residuos. Su textura suave y su calidad garantiz...",in stock,new,2900.64 ARS,https://www.g4descartables.com.ar/productos/franela-28x38cm-pack-x-3/,https://scalelabs-ar.github.io/g4-catalogo-img/img/2f892064c8f80711.jpg,G4 Descartables,,404
1566830730,GUANTE MANOPLA MICROFIBRA DOBLE CARA,"Manopla de microfibra doble cara Laffitté, tamaño L, diseñada para hacer la limpieza más práctica y profunda. Combina una cara de chenille, que ayuda a atrap...",in stock,new,3041.69 ARS,https://www.g4descartables.com.ar/productos/guante-manopla-microfibra-doble-cara-ochs9/,https://scalelabs-ar.github.io/g4-catalogo-img/img/e3893653f1b8def4.jpg,G4 Descartables,,283
1064493847,HIELERA DE MESA PARA BOTELLA FROZEN BAG EDICION LIMITADA,"Hielera De Mesa Frozen Bag Classic Con Frozen Bag Classic, enfriá tu bebida favorita y disfrutala en la temperatura ideal. Características Principales: Mater...",in stock,new,8363.52 ARS,https://www.g4descartables.com.ar/productos/hielera-de-mesa-frozen-bag-classic-edicion-limitada/,https://scalelabs-ar.github.io/g4-catalogo-img/img/f4fe28c40da9d316.jpg,G4 Descartables,,35
1064493851,HIELERA DE MESA PARA BOTELLA FROZEN BAG EDICION LIMITADA,"Hielera De Mesa Frozen Bag Classic Con Frozen Bag Classic, enfriá tu bebida favorita y disfrutala en la temperatura ideal. Características Principales: Mater...",in stock,new,8363.52 ARS,https://www.g4descartables.com.ar/productos/hielera-de-mesa-frozen-bag-classic-edicion-limitada/,https://scalelabs-ar.github.io/g4-catalogo-img/img/b5ebebb8bd1080e8.jpg,G4 Descartables,,1
1064503753,HIELERA DE MESA PARA 2 BOTELLAS FROZEN BAG XL EDICION LIMITADA,"Hielera De Mesa Frozen Bag Classic Con Frozen Bag Classic, enfriá tu bebida favorita y disfrutala en la temperatura ideal. Características Principales: Mater...",in stock,new,11848.32 ARS,https://www.g4descartables.com.ar/productos/hielera-de-mesa-para-2-botellas-frozen-bag-xl-edicion-limitada/,https://scalelabs-ar.github.io/g4-catalogo-img/img/974830618758aa14.jpg,G4 Descartables,,49
1064503757,HIELERA DE MESA PARA 2 BOTELLAS FROZEN BAG XL EDICION LIMITADA,"Hielera De Mesa Frozen Bag Classic Con Frozen Bag Classic, enfriá tu bebida favorita y disfrutala en la temperatura ideal. Características Principales: Mater...",in stock,new,11848.32 ARS,https://www.g4descartables.com.ar/productos/hielera-de-mesa-para-2-botellas-frozen-bag-xl-edicion-limitada/,https://scalelabs-ar.github.io/g4-catalogo-img/img/98838f6b9cd8e74b.jpg,G4 Descartables,,31
1064501910,HIELERA DE MESA PARA 2 BOTELLAS FROZEN BAG XL,"Hielera De Mesa Frozen Bag Classic Con Frozen Bag Classic, enfriá tu bebida favorita y disfrutala en la temperatura ideal. Características Principales: Mater...",out of stock,new,11848.32 ARS,https://www.g4descartables.com.ar/productos/hielera-de-mesa-para-2-botellas-frozen-bag-xl/,https://scalelabs-ar.github.io/g4-catalogo-img/img/bb00693e951007a6.jpg,G4 Descartables,,0
1064501912,HIELERA DE MESA PARA 2 BOTELLAS FROZEN BAG XL,"Hielera De Mesa Frozen Bag Classic Con Frozen Bag Classic, enfriá tu bebida favorita y disfrutala en la temperatura ideal. Características Principales: Mater...",in stock,new,11848.32 ARS,https://www.g4descartables.com.ar/productos/hielera-de-mesa-para-2-botellas-frozen-bag-xl/,https://scalelabs-ar.github.io/g4-catalogo-img/img/b733854b1433cfa6.jpg,G4 Descartables,,8
1064501917,HIELERA DE MESA PARA 2 BOTELLAS FROZEN BAG XL,"Hielera De Mesa Frozen Bag Classic Con Frozen Bag Classic, enfriá tu bebida favorita y disfrutala en la temperatura ideal. Características Principales: Mater...",in stock,new,11848.32 ARS,https://www.g4descartables.com.ar/productos/hielera-de-mesa-para-2-botellas-frozen-bag-xl/,https://scalelabs-ar.github.io/g4-catalogo-img/img/3f1ccfd1483a6bf3.jpg,G4 Descartables,,3
1064490532,HIELERA DE MESA PARA BOTELLA FROZEN BAG CLASSIC,"Hielera De Mesa Frozen Bag Classic Con Frozen Bag Classic, enfriá tu bebida favorita y disfrutala en la temperatura ideal. Características Principales: Mater...",out of stock,new,8363.52 ARS,https://www.g4descartables.com.ar/productos/hielera-de-mesa-para-botella-frozen-bag-classic/,https://scalelabs-ar.github.io/g4-catalogo-img/img/9655016c1f8fefd6.jpg,G4 Descartables,,0
1064490534,HIELERA DE MESA PARA BOTELLA FROZEN BAG CLASSIC,"Hielera De Mesa Frozen Bag Classic Con Frozen Bag Classic, enfriá tu bebida favorita y disfrutala en la temperatura ideal. Características Principales: Mater...",out of stock,new,8363.52 ARS,https://www.g4descartables.com.ar/productos/hielera-de-mesa-para-botella-frozen-bag-classic/,https://scalelabs-ar.github.io/g4-catalogo-img/img/eea745094b3e59c6.jpg,G4 Descartables,,0
1064490537,HIELERA DE MESA PARA BOTELLA FROZEN BAG CLASSIC,"Hielera De Mesa Frozen Bag Classic Con Frozen Bag Classic, enfriá tu bebida favorita y disfrutala en la temperatura ideal. Características Principales: Mater...",out of stock,new,8363.52 ARS,https://www.g4descartables.com.ar/productos/hielera-de-mesa-para-botella-frozen-bag-classic/,https://scalelabs-ar.github.io/g4-catalogo-img/img/289825fcf0f618ec.jpg,G4 Descartables,,0
1064490540,HIELERA DE MESA PARA BOTELLA FROZEN BAG CLASSIC,"Hielera De Mesa Frozen Bag Classic Con Frozen Bag Classic, enfriá tu bebida favorita y disfrutala en la temperatura ideal. Características Principales: Mater...",in stock,new,8363.52 ARS,https://www.g4descartables.com.ar/productos/hielera-de-mesa-para-botella-frozen-bag-classic/,https://scalelabs-ar.github.io/g4-catalogo-img/img/8e1bd80a3e153018.jpg,G4 Descartables,,21
1064490543,HIELERA DE MESA PARA BOTELLA FROZEN BAG CLASSIC,"Hielera De Mesa Frozen Bag Classic Con Frozen Bag Classic, enfriá tu bebida favorita y disfrutala en la temperatura ideal. Características Principales: Mater...",out of stock,new,8363.52 ARS,https://www.g4descartables.com.ar/productos/hielera-de-mesa-para-botella-frozen-bag-classic/,https://scalelabs-ar.github.io/g4-catalogo-img/img/6d650067651cddeb.jpg,G4 Descartables,,0
1064490545,HIELERA DE MESA PARA BOTELLA FROZEN BAG CLASSIC,"Hielera De Mesa Frozen Bag Classic Con Frozen Bag Classic, enfriá tu bebida favorita y disfrutala en la temperatura ideal. Características Principales: Mater...",out of stock,new,8363.52 ARS,https://www.g4descartables.com.ar/productos/hielera-de-mesa-para-botella-frozen-bag-classic/,https://scalelabs-ar.github.io/g4-catalogo-img/img/afaf7d0736d1c11c.jpg,G4 Descartables,,0
1064490549,HIELERA DE MESA PARA BOTELLA FROZEN BAG CLASSIC,"Hielera De Mesa Frozen Bag Classic Con Frozen Bag Classic, enfriá tu bebida favorita y disfrutala en la temperatura ideal. Características Principales: Mater...",out of stock,new,8363.52 ARS,https://www.g4descartables.com.ar/productos/hielera-de-mesa-para-botella-frozen-bag-classic/,https://scalelabs-ar.github.io/g4-catalogo-img/img/876ae686c8b6c0e8.jpg,G4 Descartables,,0
1064490552,HIELERA DE MESA PARA BOTELLA FROZEN BAG CLASSIC,"Hielera De Mesa Frozen Bag Classic Con Frozen Bag Classic, enfriá tu bebida favorita y disfrutala en la temperatura ideal. Características Principales: Mater...",out of stock,new,8363.52 ARS,https://www.g4descartables.com.ar/productos/hielera-de-mesa-para-botella-frozen-bag-classic/,https://scalelabs-ar.github.io/g4-catalogo-img/img/308dad3ff031a1cf.jpg,G4 Descartables,,0
1064490555,HIELERA DE MESA PARA BOTELLA FROZEN BAG CLASSIC,"Hielera De Mesa Frozen Bag Classic Con Frozen Bag Classic, enfriá tu bebida favorita y disfrutala en la temperatura ideal. Características Principales: Mater...",out of stock,new,8363.52 ARS,https://www.g4descartables.com.ar/productos/hielera-de-mesa-para-botella-frozen-bag-classic/,https://scalelabs-ar.github.io/g4-catalogo-img/img/6da47a6115d356ab.jpg,G4 Descartables,,0
1064490558,HIELERA DE MESA PARA BOTELLA FROZEN BAG CLASSIC,"Hielera De Mesa Frozen Bag Classic Con Frozen Bag Classic, enfriá tu bebida favorita y disfrutala en la temperatura ideal. Características Principales: Mater...",out of stock,new,8363.52 ARS,https://www.g4descartables.com.ar/productos/hielera-de-mesa-para-botella-frozen-bag-classic/,https://scalelabs-ar.github.io/g4-catalogo-img/img/ae847a8d64072885.jpg,G4 Descartables,,0
1064490561,HIELERA DE MESA PARA BOTELLA FROZEN BAG CLASSIC,"Hielera De Mesa Frozen Bag Classic Con Frozen Bag Classic, enfriá tu bebida favorita y disfrutala en la temperatura ideal. Características Principales: Mater...",in stock,new,8363.52 ARS,https://www.g4descartables.com.ar/productos/hielera-de-mesa-para-botella-frozen-bag-classic/,https://scalelabs-ar.github.io/g4-catalogo-img/img/b8990b53898ba9f7.jpg,G4 Descartables,,1
1064490564,HIELERA DE MESA PARA BOTELLA FROZEN BAG CLASSIC,"Hielera De Mesa Frozen Bag Classic Con Frozen Bag Classic, enfriá tu bebida favorita y disfrutala en la temperatura ideal. Características Principales: Mater...",out of stock,new,8363.52 ARS,https://www.g4descartables.com.ar/productos/hielera-de-mesa-para-botella-frozen-bag-classic/,https://scalelabs-ar.github.io/g4-catalogo-img/img/4cf5908d03f66126.jpg,G4 Descartables,,0
1064490566,HIELERA DE MESA PARA BOTELLA FROZEN BAG CLASSIC,"Hielera De Mesa Frozen Bag Classic Con Frozen Bag Classic, enfriá tu bebida favorita y disfrutala en la temperatura ideal. Características Principales: Mater...",out of stock,new,8363.52 ARS,https://www.g4descartables.com.ar/productos/hielera-de-mesa-para-botella-frozen-bag-classic/,https://scalelabs-ar.github.io/g4-catalogo-img/img/cb00591f7172d0d0.jpg,G4 Descartables,,0
1064490570,HIELERA DE MESA PARA BOTELLA FROZEN BAG CLASSIC,"Hielera De Mesa Frozen Bag Classic Con Frozen Bag Classic, enfriá tu bebida favorita y disfrutala en la temperatura ideal. Características Principales: Mater...",out of stock,new,8363.52 ARS,https://www.g4descartables.com.ar/productos/hielera-de-mesa-para-botella-frozen-bag-classic/,https://scalelabs-ar.github.io/g4-catalogo-img/img/a802fda27bef1825.jpg,G4 Descartables,,0
1064490573,HIELERA DE MESA PARA BOTELLA FROZEN BAG CLASSIC,"Hielera De Mesa Frozen Bag Classic Con Frozen Bag Classic, enfriá tu bebida favorita y disfrutala en la temperatura ideal. Características Principales: Mater...",in stock,new,8363.52 ARS,https://www.g4descartables.com.ar/productos/hielera-de-mesa-para-botella-frozen-bag-classic/,https://scalelabs-ar.github.io/g4-catalogo-img/img/7df7631434e801b1.jpg,G4 Descartables,,2
1064490576,HIELERA DE MESA PARA BOTELLA FROZEN BAG CLASSIC,"Hielera De Mesa Frozen Bag Classic Con Frozen Bag Classic, enfriá tu bebida favorita y disfrutala en la temperatura ideal. Características Principales: Mater...",out of stock,new,8363.52 ARS,https://www.g4descartables.com.ar/productos/hielera-de-mesa-para-botella-frozen-bag-classic/,https://scalelabs-ar.github.io/g4-catalogo-img/img/d842447bee11e411.jpg,G4 Descartables,,0
1064490578,HIELERA DE MESA PARA BOTELLA FROZEN BAG CLASSIC,"Hielera De Mesa Frozen Bag Classic Con Frozen Bag Classic, enfriá tu bebida favorita y disfrutala en la temperatura ideal. Características Principales: Mater...",out of stock,new,8363.52 ARS,https://www.g4descartables.com.ar/productos/hielera-de-mesa-para-botella-frozen-bag-classic/,https://scalelabs-ar.github.io/g4-catalogo-img/img/8f4555a7c3511e21.jpg,G4 Descartables,,0
1064458358,HIELERA FRAPERA INFLABLE FROZEN BUCKET MINI,"Hielera Frapera Inflable Frozen Bucket Mini Disfrutá de reuniones con amigos con la Hielera Frapera Inflable Frozen Bucket Mini, que ofrece capacidad para 10...",in stock,new,23417.86 ARS,https://www.g4descartables.com.ar/productos/hielera-frapera-inflable-frozen-bucket-mini/,https://scalelabs-ar.github.io/g4-catalogo-img/img/150718c73cdaa0a2.jpg,G4 Descartables,,3
1064458360,HIELERA FRAPERA INFLABLE FROZEN BUCKET MINI,"Hielera Frapera Inflable Frozen Bucket Mini Disfrutá de reuniones con amigos con la Hielera Frapera Inflable Frozen Bucket Mini, que ofrece capacidad para 10...",in stock,new,23417.86 ARS,https://www.g4descartables.com.ar/productos/hielera-frapera-inflable-frozen-bucket-mini/,https://scalelabs-ar.github.io/g4-catalogo-img/img/8822ed39a4fcfa11.jpg,G4 Descartables,,7
1064458361,HIELERA FRAPERA INFLABLE FROZEN BUCKET MINI,"Hielera Frapera Inflable Frozen Bucket Mini Disfrutá de reuniones con amigos con la Hielera Frapera Inflable Frozen Bucket Mini, que ofrece capacidad para 10...",in stock,new,23417.86 ARS,https://www.g4descartables.com.ar/productos/hielera-frapera-inflable-frozen-bucket-mini/,https://scalelabs-ar.github.io/g4-catalogo-img/img/de701b26fceded47.jpg,G4 Descartables,,4
1064458362,HIELERA FRAPERA INFLABLE FROZEN BUCKET MINI,"Hielera Frapera Inflable Frozen Bucket Mini Disfrutá de reuniones con amigos con la Hielera Frapera Inflable Frozen Bucket Mini, que ofrece capacidad para 10...",in stock,new,23417.86 ARS,https://www.g4descartables.com.ar/productos/hielera-frapera-inflable-frozen-bucket-mini/,https://scalelabs-ar.github.io/g4-catalogo-img/img/8fee171d5192960c.jpg,G4 Descartables,,5
1064458364,HIELERA FRAPERA INFLABLE FROZEN BUCKET MINI,"Hielera Frapera Inflable Frozen Bucket Mini Disfrutá de reuniones con amigos con la Hielera Frapera Inflable Frozen Bucket Mini, que ofrece capacidad para 10...",in stock,new,23417.86 ARS,https://www.g4descartables.com.ar/productos/hielera-frapera-inflable-frozen-bucket-mini/,https://scalelabs-ar.github.io/g4-catalogo-img/img/4f6c64fcc4b916ef.jpg,G4 Descartables,,5
1064458367,HIELERA FRAPERA INFLABLE FROZEN BUCKET MINI,"Hielera Frapera Inflable Frozen Bucket Mini Disfrutá de reuniones con amigos con la Hielera Frapera Inflable Frozen Bucket Mini, que ofrece capacidad para 10...",out of stock,new,23417.86 ARS,https://www.g4descartables.com.ar/productos/hielera-frapera-inflable-frozen-bucket-mini/,https://scalelabs-ar.github.io/g4-catalogo-img/img/ac1af2abd6b6cd20.jpg,G4 Descartables,,0
1064461339,HIELERA FRAPERA INFLABLE FROZEN BUCKET,"¡Presentamos la Hielera Frapera Inflable Frozen Bucket! Ideal para tus fiestas y juntadas, esta hielera tiene capacidad para 30/35 latas de 354cc, asegurando...",out of stock,new,34569.22 ARS,https://www.g4descartables.com.ar/productos/hielera-frapera-inflable-frozen-bucket/,https://scalelabs-ar.github.io/g4-catalogo-img/img/6fc30bcc2addb2c8.jpg,G4 Descartables,,0
1064461343,HIELERA FRAPERA INFLABLE FROZEN BUCKET,"¡Presentamos la Hielera Frapera Inflable Frozen Bucket! Ideal para tus fiestas y juntadas, esta hielera tiene capacidad para 30/35 latas de 354cc, asegurando...",out of stock,new,34569.22 ARS,https://www.g4descartables.com.ar/productos/hielera-frapera-inflable-frozen-bucket/,https://scalelabs-ar.github.io/g4-catalogo-img/img/2b2f3a98001a6f7e.jpg,G4 Descartables,,0
1064461346,HIELERA FRAPERA INFLABLE FROZEN BUCKET,"¡Presentamos la Hielera Frapera Inflable Frozen Bucket! Ideal para tus fiestas y juntadas, esta hielera tiene capacidad para 30/35 latas de 354cc, asegurando...",out of stock,new,34569.22 ARS,https://www.g4descartables.com.ar/productos/hielera-frapera-inflable-frozen-bucket/,https://scalelabs-ar.github.io/g4-catalogo-img/img/0eeb5bb347ebbd66.jpg,G4 Descartables,,0
1064461349,HIELERA FRAPERA INFLABLE FROZEN BUCKET,"¡Presentamos la Hielera Frapera Inflable Frozen Bucket! Ideal para tus fiestas y juntadas, esta hielera tiene capacidad para 30/35 latas de 354cc, asegurando...",out of stock,new,34569.22 ARS,https://www.g4descartables.com.ar/productos/hielera-frapera-inflable-frozen-bucket/,https://scalelabs-ar.github.io/g4-catalogo-img/img/021c2ccf7a158eec.jpg,G4 Descartables,,0
1064461350,HIELERA FRAPERA INFLABLE FROZEN BUCKET,"¡Presentamos la Hielera Frapera Inflable Frozen Bucket! Ideal para tus fiestas y juntadas, esta hielera tiene capacidad para 30/35 latas de 354cc, asegurando...",out of stock,new,34569.22 ARS,https://www.g4descartables.com.ar/productos/hielera-frapera-inflable-frozen-bucket/,https://scalelabs-ar.github.io/g4-catalogo-img/img/4e65fbaeb5aa2309.jpg,G4 Descartables,,0
1064461353,HIELERA FRAPERA INFLABLE FROZEN BUCKET,"¡Presentamos la Hielera Frapera Inflable Frozen Bucket! Ideal para tus fiestas y juntadas, esta hielera tiene capacidad para 30/35 latas de 354cc, asegurando...",out of stock,new,34569.22 ARS,https://www.g4descartables.com.ar/productos/hielera-frapera-inflable-frozen-bucket/,https://scalelabs-ar.github.io/g4-catalogo-img/img/8016938e4a0bb5a0.jpg,G4 Descartables,,0
1064461356,HIELERA FRAPERA INFLABLE FROZEN BUCKET,"¡Presentamos la Hielera Frapera Inflable Frozen Bucket! Ideal para tus fiestas y juntadas, esta hielera tiene capacidad para 30/35 latas de 354cc, asegurando...",out of stock,new,34569.22 ARS,https://www.g4descartables.com.ar/productos/hielera-frapera-inflable-frozen-bucket/,https://scalelabs-ar.github.io/g4-catalogo-img/img/da9c6ce5b02bb4bb.jpg,G4 Descartables,,0
1274763795,HILO DE PAPEL KRAFT 3MM X 120MTS,"Hilo kraft fabricado con papel kraft extensible de 70 gramos, ideal para atado, embalaje y usos decorativos.Ofrece una alta resistencia a la tracción, soport...",in stock,new,14243.67 ARS,https://www.g4descartables.com.ar/productos/hilo-de-papel-kraft-3mm-x-120mts/,https://scalelabs-ar.github.io/g4-catalogo-img/img/41ecb37db353e4a4.jpg,G4 Descartables,,15
1274763803,HILO DE PAPEL KRAFT 3MM X 120MTS,"Hilo kraft fabricado con papel kraft extensible de 70 gramos, ideal para atado, embalaje y usos decorativos.Ofrece una alta resistencia a la tracción, soport...",in stock,new,15451.74 ARS,https://www.g4descartables.com.ar/productos/hilo-de-papel-kraft-3mm-x-120mts/,https://scalelabs-ar.github.io/g4-catalogo-img/img/70eb596e03982507.jpg,G4 Descartables,,28
1274763809,HILO DE PAPEL KRAFT 3MM X 120MTS,"Hilo kraft fabricado con papel kraft extensible de 70 gramos, ideal para atado, embalaje y usos decorativos.Ofrece una alta resistencia a la tracción, soport...",in stock,new,13217.71 ARS,https://www.g4descartables.com.ar/productos/hilo-de-papel-kraft-3mm-x-120mts/,https://scalelabs-ar.github.io/g4-catalogo-img/img/2f788970a9b96801.jpg,G4 Descartables,,22
1263399046,"HOJAS DE ALUMINIO PRECORTADAS 27,5 X 38CM - 100U","Hojas de aluminio precortadas, listas para usar, ideales para agilizar tareas en cocinas gastronómicas y domésticas.Se presentan en una caja dispensadora que...",in stock,new,19078.35 ARS,https://www.g4descartables.com.ar/productos/hojas-de-aluminio-precortadas-275-x-38cm-100u/,https://scalelabs-ar.github.io/g4-catalogo-img/img/f5fce5fe2b11c731.jpg,G4 Descartables,,9
1166200336,KIT POTE DESCARTABLE LISO CON TAPA ROJA 250ML - 6 U,"Pote plástico descartable liso con tapa roja, ideal para el envasado, conservación y transporte de alimentos.Es totalmente transparente, lo que permite visua...",out of stock,new,1902.94 ARS,https://www.g4descartables.com.ar/productos/kit-pote-descartable-liso-con-tapa-roja-250ml-6-u/,https://scalelabs-ar.github.io/g4-catalogo-img/img/c01bd3f622ab29b2.jpg,G4 Descartables,,0
1166203290,KIT POTE DESCARTABLE LISO CON TAPA ROJA 500ML - 6 U,"Pote plástico descartable liso con tapa roja, diseñado para porciones medianas y mayor capacidad de almacenamiento.Su diseño totalmente transparente facilita...",in stock,new,3317.26 ARS,https://www.g4descartables.com.ar/productos/kit-pote-descartable-liso-con-tapa-roja-500ml-6-u/,https://scalelabs-ar.github.io/g4-catalogo-img/img/c0405d741db15ae2.jpg,G4 Descartables,,59
872590702,LAMINA FOLEX X KG,"Láminas Folex ideales para separar, proteger y manipular alimentos de forma práctica e higiénica.Se utilizan ampliamente en gastronomía y comercios para evit...",in stock,new,11750.99 ARS,https://www.g4descartables.com.ar/productos/lamina-folex-x-kg/,https://scalelabs-ar.github.io/g4-catalogo-img/img/681de3b50178ef80.jpg,G4 Descartables,,29
872590703,LAMINA FOLEX X KG,"Láminas Folex ideales para separar, proteger y manipular alimentos de forma práctica e higiénica.Se utilizan ampliamente en gastronomía y comercios para evit...",in stock,new,11750.99 ARS,https://www.g4descartables.com.ar/productos/lamina-folex-x-kg/,https://scalelabs-ar.github.io/g4-catalogo-img/img/6d52da29b168ee21.jpg,G4 Descartables,,20
872590706,LAMINA FOLEX X KG,"Láminas Folex ideales para separar, proteger y manipular alimentos de forma práctica e higiénica.Se utilizan ampliamente en gastronomía y comercios para evit...",in stock,new,13126.95 ARS,https://www.g4descartables.com.ar/productos/lamina-folex-x-kg/,https://scalelabs-ar.github.io/g4-catalogo-img/img/9cd43f5afcdeb8e4.jpg,G4 Descartables,,23
765991754,MOLDE DE ALUMINIO PARA PAN DULCE 1KG - 50U,"Descubrí nuestros moldes de pan dulce de aluminio descartables, ideales para hornear y presentar tus exquisitos panes navideños. Prácticos y resistentes, perfectos para preparar regalos culinarios. ¡Comprá ahora y sorprendé con tus creaciones dulces!",in stock,new,26707.12 ARS,https://www.g4descartables.com.ar/productos/molde-de-aluminio-para-pan-dulce-1kg-x-50-unidades/,https://scalelabs-ar.github.io/g4-catalogo-img/img/94d0cc55de378d11.jpg,G4 Descartables,,8
765991593,MOLDE DE ALUMINIO PARA PAN DULCE 500GR - 50U,"Descubrí nuestros moldes de pan dulce de aluminio descartables, ideales para hornear y presentar tus exquisitos panes navideños. Prácticos y resistentes, perfectos para preparar regalos culinarios. ¡Comprá ahora y sorprendé con tus creaciones dulces!",in stock,new,19668.55 ARS,https://www.g4descartables.com.ar/productos/molde-de-aluminio-para-pan-dulce-de-500gr-x-50-unidades/,https://scalelabs-ar.github.io/g4-catalogo-img/img/d15736e592e0e461.jpg,G4 Descartables,,1
1196503834,MOPA GIRATORIA CON BALDE Y CABO TELESCÓPICO,"Comprá online MOPA GIRATORIA CON BALDE Y CABO TELESCÓPICO por $27.470,41. Hacé tu pedido y pagalo online.",in stock,new,27470.41 ARS,https://www.g4descartables.com.ar/productos/mopa-giratoria-con-balde-y-cabo-telescopico/,https://scalelabs-ar.github.io/g4-catalogo-img/img/1633a14eb3b67ab1.jpg,G4 Descartables,,6
1073128679,MUG TAZA ACERO INOXIDABLE CON TAPA 360ML,"Comprá online MUG TAZA ACERO INOXIDABLE CON TAPA 360ML por $33.105,60. Hacé tu pedido y pagalo online.",out of stock,new,26484.48 ARS,https://www.g4descartables.com.ar/productos/mug-taza-acero-inoxidable-360ml-con-tapa/,https://scalelabs-ar.github.io/g4-catalogo-img/img/7c38fd9b88bdbca0.jpg,G4 Descartables,,0
1073128682,MUG TAZA ACERO INOXIDABLE CON TAPA 360ML,"Comprá online MUG TAZA ACERO INOXIDABLE CON TAPA 360ML por $33.105,60. Hacé tu pedido y pagalo online.",in stock,new,26484.48 ARS,https://www.g4descartables.com.ar/productos/mug-taza-acero-inoxidable-360ml-con-tapa/,https://scalelabs-ar.github.io/g4-catalogo-img/img/a388e1f0df6698d4.jpg,G4 Descartables,,4
1073128687,MUG TAZA ACERO INOXIDABLE CON TAPA 360ML,"Comprá online MUG TAZA ACERO INOXIDABLE CON TAPA 360ML por $33.105,60. Hacé tu pedido y pagalo online.",in stock,new,26484.48 ARS,https://www.g4descartables.com.ar/productos/mug-taza-acero-inoxidable-360ml-con-tapa/,https://scalelabs-ar.github.io/g4-catalogo-img/img/08e629ff3d205f83.jpg,G4 Descartables,,2
1052175590,OBLEA 618 LIVIANA - 100U,"Oblea plana descartable fabricada en material PSE, ideal para la presentación y exhibición de alimentos fríos o templados.Su formato plano es práctico para s...",in stock,new,10656.47 ARS,https://www.g4descartables.com.ar/productos/oblea-618-liviana-x-100-unidades/,https://scalelabs-ar.github.io/g4-catalogo-img/img/6179398b4f00a276.jpg,G4 Descartables,,9
1052162152,OBLEA 619 LIVIANA - 100U,"Oblea plana descartable fabricada en material PSE, diseñada para presentaciones medianas de alimentos fríos o templados.Su tamaño ofrece mayor superficie de ...",in stock,new,14113.44 ARS,https://www.g4descartables.com.ar/productos/oblea-619-liviana-x-100-unidades/,https://scalelabs-ar.github.io/g4-catalogo-img/img/be51b6053f4c2797.jpg,G4 Descartables,,14
1052162607,OBLEA 620 LIVIANA - 100U,"Oblea plana descartable de material PSE, ideal para porciones pequeñas y presentaciones individuales.Su formato compacto la hace práctica para servir product...",in stock,new,8851.15 ARS,https://www.g4descartables.com.ar/productos/oblea-620-liviana-x-100-unidades/,https://scalelabs-ar.github.io/g4-catalogo-img/img/b59bebaf73470574.jpg,G4 Descartables,,9
1196450677,PALA DE MANO DOMÉSTICA,"Comprá online PALA DE MANO DOMÉSTICA por $4.281,05. Hacé tu pedido y pagalo online.",in stock,new,4281.05 ARS,https://www.g4descartables.com.ar/productos/pala-de-mano-domestica/,https://scalelabs-ar.github.io/g4-catalogo-img/img/5c921c1968f6dfca.jpg,G4 Descartables,,37
1352987355,PAÑALES DUFFY HIPERPACK,"Comprá online PAÑALES DUFFY HIPERPACK por $8.681,42. Hacé tu pedido y pagalo online.",out of stock,new,8681.42 ARS,https://www.g4descartables.com.ar/productos/panal-duffy-hiperpack-ecpgs/,https://scalelabs-ar.github.io/g4-catalogo-img/img/3acdeea5fa31df2b.jpg,G4 Descartables,,0
1352987362,PAÑALES DUFFY HIPERPACK,"Comprá online PAÑALES DUFFY HIPERPACK por $8.681,42. Hacé tu pedido y pagalo online.",in stock,new,8681.42 ARS,https://www.g4descartables.com.ar/productos/panal-duffy-hiperpack-ecpgs/,https://scalelabs-ar.github.io/g4-catalogo-img/img/da2cf9a7ccf70111.jpg,G4 Descartables,,80
1352987364,PAÑALES DUFFY HIPERPACK,"Comprá online PAÑALES DUFFY HIPERPACK por $8.681,42. Hacé tu pedido y pagalo online.",out of stock,new,8681.42 ARS,https://www.g4descartables.com.ar/productos/panal-duffy-hiperpack-ecpgs/,https://scalelabs-ar.github.io/g4-catalogo-img/img/c798cf349bd90ae4.jpg,G4 Descartables,,0
1352987367,PAÑALES DUFFY HIPERPACK,"Comprá online PAÑALES DUFFY HIPERPACK por $8.681,42. Hacé tu pedido y pagalo online.",out of stock,new,8681.42 ARS,https://www.g4descartables.com.ar/productos/panal-duffy-hiperpack-ecpgs/,https://scalelabs-ar.github.io/g4-catalogo-img/img/1182efb92ac64f1f.jpg,G4 Descartables,,0
1352987369,PAÑALES DUFFY HIPERPACK,"Comprá online PAÑALES DUFFY HIPERPACK por $8.681,42. Hacé tu pedido y pagalo online.",out of stock,new,8681.42 ARS,https://www.g4descartables.com.ar/productos/panal-duffy-hiperpack-ecpgs/,https://scalelabs-ar.github.io/g4-catalogo-img/img/291fabb5aa24401c.jpg,G4 Descartables,,0
1352989402,PAÑALES DUFFY MEGA AHORRO,"Comprá online PAÑALES DUFFY MEGA AHORRO por $13.883,82. Hacé tu pedido y pagalo online.",out of stock,new,13883.82 ARS,https://www.g4descartables.com.ar/productos/panal-duffy-mega-ahorro-np9o3/,https://scalelabs-ar.github.io/g4-catalogo-img/img/6a98810635c00003.jpg,G4 Descartables,,0
1352989413,PAÑALES DUFFY MEGA AHORRO,"Comprá online PAÑALES DUFFY MEGA AHORRO por $13.883,82. Hacé tu pedido y pagalo online.",out of stock,new,13883.82 ARS,https://www.g4descartables.com.ar/productos/panal-duffy-mega-ahorro-np9o3/,https://scalelabs-ar.github.io/g4-catalogo-img/img/1825e4e628704f80.jpg,G4 Descartables,,0
1352989420,PAÑALES DUFFY MEGA AHORRO,"Comprá online PAÑALES DUFFY MEGA AHORRO por $13.883,82. Hacé tu pedido y pagalo online.",out of stock,new,13883.82 ARS,https://www.g4descartables.com.ar/productos/panal-duffy-mega-ahorro-np9o3/,https://scalelabs-ar.github.io/g4-catalogo-img/img/6f9dd86dc7fd1b80.jpg,G4 Descartables,,0
1352989426,PAÑALES DUFFY MEGA AHORRO,"Comprá online PAÑALES DUFFY MEGA AHORRO por $13.883,82. Hacé tu pedido y pagalo online.",out of stock,new,13883.82 ARS,https://www.g4descartables.com.ar/productos/panal-duffy-mega-ahorro-np9o3/,https://scalelabs-ar.github.io/g4-catalogo-img/img/10a055793cf30c38.jpg,G4 Descartables,,0
1489926623,PAÑALES ADULTO PROMISE G/XG - 8U,"🩺 Pañales para Adulto Promise – (Pack x8 unidades) Pañales descartables marca Promise, diseñados para adultos que buscan comodidad, seguridad y buena...",in stock,new,7504.20 ARS,https://www.g4descartables.com.ar/productos/panales-adulto-promise-8u-14l5l/,https://scalelabs-ar.github.io/g4-catalogo-img/img/96a8558092df33d3.jpg,G4 Descartables,,49
1489920086,PAÑALES ADULTO PROMISE G/XG - 20U,"🩺 Pañales para Adulto Promise – Talle G/XG (Pack x20 unidades) Pañales descartables marca Promise, diseñados para adultos que buscan comodidad, segur...",out of stock,new,18572.90 ARS,https://www.g4descartables.com.ar/productos/panales-adulto-promise-g-xg-20u-18u8h/,https://scalelabs-ar.github.io/g4-catalogo-img/img/a0cdd699d8d87586.jpg,G4 Descartables,,0
1489932856,PAÑALES ADULTO PROMISE P/M - 8U,"🩺 Pañales para Adulto Promise – (Pack x8 unidades) Pañales descartables marca Promise, diseñados para adultos que buscan comodidad, seguridad y buena...",in stock,new,7504.20 ARS,https://www.g4descartables.com.ar/productos/panales-adulto-promise-p-m-8u-f4zlg/,https://scalelabs-ar.github.io/g4-catalogo-img/img/feea91cc2b64f838.jpg,G4 Descartables,,4
1489911738,PAÑALES DUFFY JUNIOR - 50U,"👶 Pañales Duffy Junior (+18 kg) – Pack x50 unidades Pañales marca Duffy modelo Junior, diseñados para bebés de mayor tamaño, brindando comodidad, abs...",out of stock,new,21261.91 ARS,https://www.g4descartables.com.ar/productos/panales-duffy-junior-50u-dp6b2/,https://scalelabs-ar.github.io/g4-catalogo-img/img/113443a568726570.jpg,G4 Descartables,,0
1338023510,PAÑO LAVA PLATOS ESTAMPADO 25X25CM - 3U,"Paños de cocina suaves y resistentes, ideales para limpieza diaria, secado y cuidado de superficies delicadas. Fabricados en fibras diversas que combinan dur...",in stock,new,2048.31 ARS,https://www.g4descartables.com.ar/productos/pano-lava-platos-estampado-25x25cm-3u/,https://scalelabs-ar.github.io/g4-catalogo-img/img/9ef88aad64d52380.jpg,G4 Descartables,,222
1196459230,PAÑO MICROFIBRA 25X25CM - 3U,"Comprá online PAÑO MICROFIBRA 25X25CM - 3U por $2.814,63. Hacé tu pedido y pagalo online.",in stock,new,2814.63 ARS,https://www.g4descartables.com.ar/productos/pano-microfibra-25x25cm-pack-x-3/,https://scalelabs-ar.github.io/g4-catalogo-img/img/a87f4cb72a6ce412.jpg,G4 Descartables,,316
1196477972,PAÑO MICROFIBRA 29X29CM - 3U,"Comprá online PAÑO MICROFIBRA 29X29CM - 3U por $3.262,09. Hacé tu pedido y pagalo online.",out of stock,new,3262.09 ARS,https://www.g4descartables.com.ar/productos/pano-microfibra-29x29cm-pack-x-3/,https://scalelabs-ar.github.io/g4-catalogo-img/img/5e1fa5cbc1e0de56.jpg,G4 Descartables,,0
1566840138,PAÑO MICROFIBRA 30X30CM LAFFITTE - 10U,"Pack de 10 paños de microfibra multiuso Laffitté, de 30 × 30 cm cada uno. Son suaves con las superficies, superabsorbentes y adecuados para limpiar y secar s...",in stock,new,9504.79 ARS,https://www.g4descartables.com.ar/productos/pano-microfibra-30x30cm-laffitte-10u-hakdq/,https://scalelabs-ar.github.io/g4-catalogo-img/img/9cdbdf3b1a67e4c6.jpg,G4 Descartables,,190
1566842222,PAÑO MICROFIBRA 30X30CM LAFFITTE - 4U,"Pack de 4 paños de microfibra multiuso Laffitté, de 30 × 30 cm cada uno. Sus diferentes colores permiten asignar un paño a cada ambiente o tarea y ayudan a e...",in stock,new,3811.50 ARS,https://www.g4descartables.com.ar/productos/pano-microfibra-30x30cm-laffitte-4u-92u45/,https://scalelabs-ar.github.io/g4-catalogo-img/img/15acad6d1700e0f6.jpg,G4 Descartables,,434
1338021102,PAÑO MICROFIBRA 40X60CM - 3U,"Paños de microfibra de gran tamaño, ideales para una limpieza eficiente sin rayar superficies. Su textura suave y su alto poder de absorción los hacen perfec...",in stock,new,7283.98 ARS,https://www.g4descartables.com.ar/productos/pano-microfibra-40x60cm-3u/,https://scalelabs-ar.github.io/g4-catalogo-img/img/58ac3c1fc86f8e91.jpg,G4 Descartables,,124
1566843902,PAÑO MICROFIBRA 40X60CM PARA PISOS,"Paño Laffitté 100% microfibra para pisos, color gris y medida de 40 × 60 cm. Su máxima capacidad de absorción permite secar en menos pasadas. Atrapa la sucie...",in stock,new,7429.40 ARS,https://www.g4descartables.com.ar/productos/pano-microfibra-40x60cm-para-pisos-1g75k/,https://scalelabs-ar.github.io/g4-catalogo-img/img/539023e1935ba567.jpg,G4 Descartables,,35
1566838968,PAÑO MICROFIBRA PARA CRISTALES 30X35CM,"Paño de microfibra Laffitté para cristales, color celeste y medida de 30 × 35 cm. Su textura suave con microcanales ayuda a atrapar la suciedad y el polvo ad...",in stock,new,1764.18 ARS,https://www.g4descartables.com.ar/productos/pano-microfibra-para-cristales-30x35cm-1rjg3/,https://scalelabs-ar.github.io/g4-catalogo-img/img/be5a869313d4cc55.jpg,G4 Descartables,,500
1566845270,PAÑO MICROFIBRA TECNO 30X30CM,"Paño de microfibra Laffitté para tecnología, color gris y medida de 30 × 30 cm. Su textura suave y precisa ayuda a retirar la suciedad y el polvo adherido si...",in stock,new,1989.60 ARS,https://www.g4descartables.com.ar/productos/pano-microfibra-tecno-30x30cm-dvc40/,https://scalelabs-ar.github.io/g4-catalogo-img/img/d35da6fc3a842117.jpg,G4 Descartables,,585
1196429646,PAÑO MULTIUSO AMARILLO 25X40CM - 2U,"Comprá online PAÑO MULTIUSO AMARILLO 25X40CM - 2U por $1.094,59. Hacé tu pedido y pagalo online.",in stock,new,1094.59 ARS,https://www.g4descartables.com.ar/productos/pano-multiuso-amarillo-25x40cm-pack-x-2/,https://scalelabs-ar.github.io/g4-catalogo-img/img/460a8c984831dd92.jpg,G4 Descartables,,757
1196509052,PAÑO MULTIUSO AMARILLO 36X40CM - 2U,"Comprá online PAÑO MULTIUSO AMARILLO 36X40CM - 2U por $1.657,53. Hacé tu pedido y pagalo online.",in stock,new,1657.53 ARS,https://www.g4descartables.com.ar/productos/pano-multiuso-amarillo-36x40cm-pack-x-2/,https://scalelabs-ar.github.io/g4-catalogo-img/img/a12ebfa3b92ec24c.jpg,G4 Descartables,,227
1566834068,PAÑO PVA CHAMOIS CUADRICULADO EN TUBO 43X32CM,"Paño PVA cuadriculado Laffitté de 43 × 32 cm, presentado en tubo protector. Su material PVA y su superficie cuadriculada combinan suavidad, resistencia y alt...",in stock,new,3468.40 ARS,https://www.g4descartables.com.ar/productos/pano-pva-chamois-cuadriculado-en-tubo-43x32cm-1i2dg/,https://scalelabs-ar.github.io/g4-catalogo-img/img/21fd1b5957f42fb9.jpg,G4 Descartables,,292
1566836549,PAÑO PVA CHAMOIS LISO EN TUBO 43X32CM,"Paño PVA chamois liso Laffitté de 43 × 32 cm, presentado en tubo protector. Su material suave, resistente y de alta absorción resulta práctico para limpiar y...",in stock,new,3422.13 ARS,https://www.g4descartables.com.ar/productos/pano-pva-chamois-liso-en-tubo-43x32cm-1nubg/,https://scalelabs-ar.github.io/g4-catalogo-img/img/31344e16faacc8ba.jpg,G4 Descartables,,270
1559244596,PAÑUELOS ELEGANTE DOBLE HOJA 150U,"🤧 Pañuelos Descartables Elegante Doble Hoja – Pack x150 Unidades Pañuelos descartables marca Elegante, elaborados con doble hoja para brindar mayor s...",out of stock,new,1232.83 ARS,https://www.g4descartables.com.ar/productos/panuelos-elegante-doble-hoja-150u-x9zvq/,https://scalelabs-ar.github.io/g4-catalogo-img/img/ceaa039f36bec113.jpg,G4 Descartables,,0
1559244799,PAÑUELOS ELEGANTE TRIPLE HOJA 100U,"🤧 Pañuelos Descartables Elegante Triple Hoja – Pack x100 Unidades Pañuelos descartables marca Elegante, elaborados con triple hoja para brindar mayor...",out of stock,new,1857.11 ARS,https://www.g4descartables.com.ar/productos/panuelos-elegante-triple-hoja-100u-1jdz2/,https://scalelabs-ar.github.io/g4-catalogo-img/img/8c574f04796ec22d.jpg,G4 Descartables,,0
750657962,PAPEL PARA ALFAJORES - 100U,"Papel especial para envolver alfajores, ideal para presentación y conservación.Fabricado con una combinación de aluminio y papel, permite proteger el product...",in stock,new,9287.96 ARS,https://www.g4descartables.com.ar/productos/papel-aluminio-para-alfajores-x10kg/,https://scalelabs-ar.github.io/g4-catalogo-img/img/16a2f15ee0a26d06.jpg,G4 Descartables,,319
750657969,PAPEL PARA ALFAJORES - 100U,"Papel especial para envolver alfajores, ideal para presentación y conservación.Fabricado con una combinación de aluminio y papel, permite proteger el product...",out of stock,new,9287.96 ARS,https://www.g4descartables.com.ar/productos/papel-aluminio-para-alfajores-x10kg/,https://scalelabs-ar.github.io/g4-catalogo-img/img/f92f2897f96cf685.jpg,G4 Descartables,,0
1040638014,PAPEL PARA ALFAJORES - 100U,"Papel especial para envolver alfajores, ideal para presentación y conservación.Fabricado con una combinación de aluminio y papel, permite proteger el product...",in stock,new,9287.96 ARS,https://www.g4descartables.com.ar/productos/papel-aluminio-para-alfajores-x10kg/,https://scalelabs-ar.github.io/g4-catalogo-img/img/c6927063eafe7d75.jpg,G4 Descartables,,570
1524967180,PAPEL HIGIÉNICO ELEGANTE ALOE HOJA SIMPLE 24X30MTS,"Papel higiénico Elegante Aloe Vera simple hoja, ideal para uso diario. Su formato económico y rendidor lo convierte en una excelente opción para hogares y co...",in stock,new,10527.29 ARS,https://www.g4descartables.com.ar/productos/papel-higienico-elegante-aloe-hoja-simple-24x30mts-1ul1j/,https://scalelabs-ar.github.io/g4-catalogo-img/img/29583192aef2b331.jpg,G4 Descartables,,10
1473316963,PAPEL HIGIÉNICO ELEGANTE CONO CHICO 8X300MTS,"Papel higiénico marca Elegante de hoja simple, en rollos de 300 metros, ideal para comercios, instituciones y baños de alto tránsito.Su gran longitud permite...",out of stock,new,27599.40 ARS,https://www.g4descartables.com.ar/productos/papel-higienico-elegante-cono-chico-8x300mts-u0p7j/,https://scalelabs-ar.github.io/g4-catalogo-img/img/6cde9d3e5efc8c94.jpg,G4 Descartables,,0
1430608984,PAPEL HIGIÉNICO ELEGANTE HOJA SIMPLE 24X50MTS,"Papel higiénico marca Elegante de hoja simple, ideal para uso doméstico, comercial e institucional.Ofrece una solución práctica y rendidora para baños de alt...",in stock,new,16144.00 ARS,https://www.g4descartables.com.ar/productos/papel-higienico-elegante-hoja-simple-24x50mts-1afl5/,https://scalelabs-ar.github.io/g4-catalogo-img/img/eca81751d7544630.jpg,G4 Descartables,,119
1401010795,PAPEL HIGIÉNICO ELEGANTE HOJA SIMPLE 4X30MTS,"Papel higiénico elegante de hoja simple, ideal para uso doméstico, comercial e institucional.Ofrece una solución práctica y rendidora para baños de alto trán...",in stock,new,1645.22 ARS,https://www.g4descartables.com.ar/productos/papel-higienico-elegante-hoja-simple-4x30mts-cv38p/,https://scalelabs-ar.github.io/g4-catalogo-img/img/b7db8c6687c43f8d.jpg,G4 Descartables,,140
1401009354,PAPEL HIGIÉNICO ELEGANTE HOJA SIMPLE 4X80MTS,"Papel higiénico elegante de hoja simple, ideal para uso doméstico, comercial e institucional.Ofrece una solución práctica y rendidora para baños de alto trán...",out of stock,new,4175.31 ARS,https://www.g4descartables.com.ar/productos/papel-higienico-elegante-hoja-simple-4x80mts-haexo/,https://scalelabs-ar.github.io/g4-catalogo-img/img/d9026a52f2384be2.jpg,G4 Descartables,,0
1524963533,PAPEL HIGIÉNICO ELEGANTE TRIPLE HOJA 4X30MTS,"🧻 Papel Higiénico Triple Hoja – 30 Metros (Pack x4 Rollos) Papel higiénico triple hoja diseñado para brindar mayor suavidad, resistencia y confort en...",in stock,new,4155.68 ARS,https://www.g4descartables.com.ar/productos/papel-higienico-elegante-triple-hoja-4x30mts-17kcw/,https://scalelabs-ar.github.io/g4-catalogo-img/img/240bf10a52826c82.jpg,G4 Descartables,,485
872640983,PAPEL METALIZADO 25x35CM - 100U,Papel Metalizado 25x35cm X 100 Unidades Eleve sus presentaciones gastronómicas con nuestro Papel Metalizado. Disponible en un atractivo diseño cuadriculado a...,out of stock,new,17096.09 ARS,https://www.g4descartables.com.ar/productos/papel-metalizado-25x35cm-x-100-unidades/,https://scalelabs-ar.github.io/g4-catalogo-img/img/78f601361f893ac0.jpg,G4 Descartables,,0
872640984,PAPEL METALIZADO 25x35CM - 100U,Papel Metalizado 25x35cm X 100 Unidades Eleve sus presentaciones gastronómicas con nuestro Papel Metalizado. Disponible en un atractivo diseño cuadriculado a...,out of stock,new,17096.09 ARS,https://www.g4descartables.com.ar/productos/papel-metalizado-25x35cm-x-100-unidades/,https://scalelabs-ar.github.io/g4-catalogo-img/img/9e6233e076e20d28.jpg,G4 Descartables,,0
872636221,PAPEL SATINADO 18X26CM X KG,"Papel satinado apto para contacto con alimentos, ideal para utilizar como fondo o base en cajas gastronómicas.Su acabado satinado brinda una presentación pro...",out of stock,new,5101.36 ARS,https://www.g4descartables.com.ar/productos/papel-satinado-fondo-para-cajas-18x26cm-x-kg/,https://scalelabs-ar.github.io/g4-catalogo-img/img/73875894145c4a9b.jpg,G4 Descartables,,0
1597231992,PAPEL TERMICO PARA HAMBURGUESAS - 100U,Papel Aluminio Térmico Para Hamburguesas Descubra la excelencia en la conservación de sus alimentos con nuestro Papel Aluminio Térmico. Su panal térmico es i...,in stock,new,9255.29 ARS,https://www.g4descartables.com.ar/productos/papel-termico-para-hamburguesas-100u-phwus/,https://scalelabs-ar.github.io/g4-catalogo-img/img/47a52b1e640e66e1.jpg,G4 Descartables,,246
1597231993,PAPEL TERMICO PARA HAMBURGUESAS - 100U,Papel Aluminio Térmico Para Hamburguesas Descubra la excelencia en la conservación de sus alimentos con nuestro Papel Aluminio Térmico. Su panal térmico es i...,in stock,new,19438.65 ARS,https://www.g4descartables.com.ar/productos/papel-termico-para-hamburguesas-100u-phwus/,https://scalelabs-ar.github.io/g4-catalogo-img/img/47a52b1e640e66e1.jpg,G4 Descartables,,78
1597231994,PAPEL TERMICO PARA HAMBURGUESAS - 100U,Papel Aluminio Térmico Para Hamburguesas Descubra la excelencia en la conservación de sus alimentos con nuestro Papel Aluminio Térmico. Su panal térmico es i...,in stock,new,16454.79 ARS,https://www.g4descartables.com.ar/productos/papel-termico-para-hamburguesas-100u-phwus/,https://scalelabs-ar.github.io/g4-catalogo-img/img/47a52b1e640e66e1.jpg,G4 Descartables,,551
1056633824,PAPEL TERMICO PARA HAMBURGUESAS COLORES - 100U,Descubrí nuestro papel aluminio térmico para hamburguesas y sándwich. Ideal para que tus pedidos lleguen al cliente con la temperatura optima para su consumo.,in stock,new,24486.77 ARS,https://www.g4descartables.com.ar/productos/papel-termico-para-hamburguesas-premium-100u/,https://scalelabs-ar.github.io/g4-catalogo-img/img/7dd9032cfd0daefa.jpg,G4 Descartables,,21
1056633833,PAPEL TERMICO PARA HAMBURGUESAS COLORES - 100U,Descubrí nuestro papel aluminio térmico para hamburguesas y sándwich. Ideal para que tus pedidos lleguen al cliente con la temperatura optima para su consumo.,in stock,new,24486.77 ARS,https://www.g4descartables.com.ar/productos/papel-termico-para-hamburguesas-premium-100u/,https://scalelabs-ar.github.io/g4-catalogo-img/img/c68c9a027a8fe933.jpg,G4 Descartables,,30
1405650624,PLATO CUADRADO ACRILICO 15CM - 10U,"Plato de acrílico reutilizable de 15 cm de diámetro, ideal para el servicio de postres y preparaciones livianas.Su diseño fino y liviano brinda una presentac...",in stock,new,4091.37 ARS,https://www.g4descartables.com.ar/productos/plato-cuadrado-acrilico-15cm-10u-aiurq/,https://scalelabs-ar.github.io/g4-catalogo-img/img/78440f302a1d81d5.jpg,G4 Descartables,,87
1405652501,PLATO CUADRADO ACRILICO 18CM - 10U,"Plato de acrílico reutilizable de 18 cm de diámetro, ideal para el servicio de postres y preparaciones livianas.Su diseño fino y liviano brinda una presentac...",in stock,new,5667.25 ARS,https://www.g4descartables.com.ar/productos/plato-cuadrado-acrilico-18cm-10u-95m0d/,https://scalelabs-ar.github.io/g4-catalogo-img/img/87741c3d50693dbb.jpg,G4 Descartables,,93
1405657620,PLATO CUADRADO ACRILICO 21CM - 10U,"Plato de acrílico reutilizable de 21 cm de diámetro, ideal para el servicio de postres y preparaciones livianas.Su diseño fino y liviano brinda una presentac...",out of stock,new,7863.50 ARS,https://www.g4descartables.com.ar/productos/plato-cuadrado-acrilico-21cm-10u-ed3k9/,https://scalelabs-ar.github.io/g4-catalogo-img/img/c3ebb3ba711e9c08.jpg,G4 Descartables,,0
765995727,PLATO DE ALUMINIO P23 - 100U,"¡Descubrí nuestros platos descartables de aluminio! Ideales para todo tipo de eventos. Livianos y prácticos, perfectos para catering y fiestas. Disponibles en diferentes tamaños para adaptarse a tus necesidades.",in stock,new,28471.30 ARS,https://www.g4descartables.com.ar/productos/plato-de-aluminio-p23-x-100-unidades/,https://scalelabs-ar.github.io/g4-catalogo-img/img/bb480fde4c5fc075.jpg,G4 Descartables,,5
765996268,PLATO DE ALUMINIO P26 - 100U,"¡Descubrí nuestros platos descartables de aluminio! Ideales para todo tipo de eventos. Livianos y prácticos, perfectos para catering y fiestas. Disponibles en diferentes tamaños para adaptarse a tus necesidades.",in stock,new,37019.95 ARS,https://www.g4descartables.com.ar/productos/plato-de-aluminio-p26-x-100-unidades/,https://scalelabs-ar.github.io/g4-catalogo-img/img/25f5bbd5abadec18.jpg,G4 Descartables,,2
1265774525,PLATO DESCARTABLE 15CM COLORES - 10U,"Platos descartables de plástico de 15 cm de diámetro, ideales para cumpleaños infantiles y eventos.Su tamaño es perfecto para tortas, snacks, golosinas y por...",in stock,new,956.64 ARS,https://www.g4descartables.com.ar/productos/plato-descartable-15cm-colores-10u-4wjww/,https://scalelabs-ar.github.io/g4-catalogo-img/img/c950376058df3f88.jpg,G4 Descartables,,300
1265774530,PLATO DESCARTABLE 15CM COLORES - 10U,"Platos descartables de plástico de 15 cm de diámetro, ideales para cumpleaños infantiles y eventos.Su tamaño es perfecto para tortas, snacks, golosinas y por...",in stock,new,956.64 ARS,https://www.g4descartables.com.ar/productos/plato-descartable-15cm-colores-10u-4wjww/,https://scalelabs-ar.github.io/g4-catalogo-img/img/d3a933053900dd08.jpg,G4 Descartables,,58
1265774535,PLATO DESCARTABLE 15CM COLORES - 10U,"Platos descartables de plástico de 15 cm de diámetro, ideales para cumpleaños infantiles y eventos.Su tamaño es perfecto para tortas, snacks, golosinas y por...",in stock,new,956.64 ARS,https://www.g4descartables.com.ar/productos/plato-descartable-15cm-colores-10u-4wjww/,https://scalelabs-ar.github.io/g4-catalogo-img/img/facccd329df91881.jpg,G4 Descartables,,21
1265774538,PLATO DESCARTABLE 15CM COLORES - 10U,"Platos descartables de plástico de 15 cm de diámetro, ideales para cumpleaños infantiles y eventos.Su tamaño es perfecto para tortas, snacks, golosinas y por...",in stock,new,956.64 ARS,https://www.g4descartables.com.ar/productos/plato-descartable-15cm-colores-10u-4wjww/,https://scalelabs-ar.github.io/g4-catalogo-img/img/3b31d2793adaed10.jpg,G4 Descartables,,79
1265774542,PLATO DESCARTABLE 15CM COLORES - 10U,"Platos descartables de plástico de 15 cm de diámetro, ideales para cumpleaños infantiles y eventos.Su tamaño es perfecto para tortas, snacks, golosinas y por...",out of stock,new,956.64 ARS,https://www.g4descartables.com.ar/productos/plato-descartable-15cm-colores-10u-4wjww/,https://scalelabs-ar.github.io/g4-catalogo-img/img/cd567d0ab76e7fd6.jpg,G4 Descartables,,0
1265774544,PLATO DESCARTABLE 15CM COLORES - 10U,"Platos descartables de plástico de 15 cm de diámetro, ideales para cumpleaños infantiles y eventos.Su tamaño es perfecto para tortas, snacks, golosinas y por...",in stock,new,956.64 ARS,https://www.g4descartables.com.ar/productos/plato-descartable-15cm-colores-10u-4wjww/,https://scalelabs-ar.github.io/g4-catalogo-img/img/787cddf55b52dfdb.jpg,G4 Descartables,,349
1265774550,PLATO DESCARTABLE 15CM COLORES - 10U,"Platos descartables de plástico de 15 cm de diámetro, ideales para cumpleaños infantiles y eventos.Su tamaño es perfecto para tortas, snacks, golosinas y por...",in stock,new,956.64 ARS,https://www.g4descartables.com.ar/productos/plato-descartable-15cm-colores-10u-4wjww/,https://scalelabs-ar.github.io/g4-catalogo-img/img/3f02196c52fb88a4.jpg,G4 Descartables,,269
1265774555,PLATO DESCARTABLE 15CM COLORES - 10U,"Platos descartables de plástico de 15 cm de diámetro, ideales para cumpleaños infantiles y eventos.Su tamaño es perfecto para tortas, snacks, golosinas y por...",in stock,new,956.64 ARS,https://www.g4descartables.com.ar/productos/plato-descartable-15cm-colores-10u-4wjww/,https://scalelabs-ar.github.io/g4-catalogo-img/img/5a6c47385aa1adf7.jpg,G4 Descartables,,68
1265774558,PLATO DESCARTABLE 15CM COLORES - 10U,"Platos descartables de plástico de 15 cm de diámetro, ideales para cumpleaños infantiles y eventos.Su tamaño es perfecto para tortas, snacks, golosinas y por...",in stock,new,956.64 ARS,https://www.g4descartables.com.ar/productos/plato-descartable-15cm-colores-10u-4wjww/,https://scalelabs-ar.github.io/g4-catalogo-img/img/98526625bcebaafb.jpg,G4 Descartables,,79
1265774560,PLATO DESCARTABLE 15CM COLORES - 10U,"Platos descartables de plástico de 15 cm de diámetro, ideales para cumpleaños infantiles y eventos.Su tamaño es perfecto para tortas, snacks, golosinas y por...",in stock,new,956.64 ARS,https://www.g4descartables.com.ar/productos/plato-descartable-15cm-colores-10u-4wjww/,https://scalelabs-ar.github.io/g4-catalogo-img/img/206c8cb74e27773d.jpg,G4 Descartables,,145
1390769668,PLATO DESCARTABLE BLANCO 15CM - 10U,"Platos descartables de plástico de 15 cm de diámetro, ideales para cumpleaños infantiles y eventos.Su tamaño es perfecto para tortas, snacks, golosinas y por...",in stock,new,732.20 ARS,https://www.g4descartables.com.ar/productos/plato-descartable-blanco-15cm-10u-qo2j8/,https://scalelabs-ar.github.io/g4-catalogo-img/img/c106d1ba5081d3fa.jpg,G4 Descartables,,771
1413151877,"PLATO DESCARTABLE BLANCO 17,5CM - 10U","Platos descartables de plástico de 17,5 cm de diámetro, ideales para cumpleaños infantiles y eventos.Su tamaño es perfecto para tortas, snacks, golosinas y p...",in stock,new,924.39 ARS,https://www.g4descartables.com.ar/productos/plato-descartable-blanco-175cm-10u-u8xwr/,https://scalelabs-ar.github.io/g4-catalogo-img/img/972e91293d2de84d.jpg,G4 Descartables,,220
1390773062,PLATO DESCARTABLE BLANCO 21CM - 10U,"Plato descartable blanco de 21 cm de diámetro, ideal para servir comidas y porciones más grandes.Su mayor tamaño lo hace adecuado para platos principales, co...",in stock,new,1337.44 ARS,https://www.g4descartables.com.ar/productos/plato-descartable-blanco-21cm-10u-q6irb/,https://scalelabs-ar.github.io/g4-catalogo-img/img/aba71b5e20b1eb7e.jpg,G4 Descartables,,72
1263447792,PLATO POLIPAPEL 18CM - 25U,"Plato de polipapel de 18 cm de diámetro, ideal para servir alimentos de forma práctica y prolija.Es una opción funcional para eventos, gastronomía, reuniones...",in stock,new,4003.95 ARS,https://www.g4descartables.com.ar/productos/plato-polipapel-18cm-25u/,https://scalelabs-ar.github.io/g4-catalogo-img/img/2470d795b2fb0467.jpg,G4 Descartables,,192
1263447796,PLATO POLIPAPEL 18CM - 25U,"Plato de polipapel de 18 cm de diámetro, ideal para servir alimentos de forma práctica y prolija.Es una opción funcional para eventos, gastronomía, reuniones...",in stock,new,5249.60 ARS,https://www.g4descartables.com.ar/productos/plato-polipapel-18cm-25u/,https://scalelabs-ar.github.io/g4-catalogo-img/img/4c574f6b6450e3e7.jpg,G4 Descartables,,49
1263447800,PLATO POLIPAPEL 18CM - 25U,"Plato de polipapel de 18 cm de diámetro, ideal para servir alimentos de forma práctica y prolija.Es una opción funcional para eventos, gastronomía, reuniones...",in stock,new,5249.60 ARS,https://www.g4descartables.com.ar/productos/plato-polipapel-18cm-25u/,https://scalelabs-ar.github.io/g4-catalogo-img/img/35b09d168e772a1d.jpg,G4 Descartables,,84
1263447803,PLATO POLIPAPEL 18CM - 25U,"Plato de polipapel de 18 cm de diámetro, ideal para servir alimentos de forma práctica y prolija.Es una opción funcional para eventos, gastronomía, reuniones...",in stock,new,5249.60 ARS,https://www.g4descartables.com.ar/productos/plato-polipapel-18cm-25u/,https://scalelabs-ar.github.io/g4-catalogo-img/img/676c77a54faa0d06.jpg,G4 Descartables,,82
1263447804,PLATO POLIPAPEL 18CM - 25U,"Plato de polipapel de 18 cm de diámetro, ideal para servir alimentos de forma práctica y prolija.Es una opción funcional para eventos, gastronomía, reuniones...",in stock,new,5249.60 ARS,https://www.g4descartables.com.ar/productos/plato-polipapel-18cm-25u/,https://scalelabs-ar.github.io/g4-catalogo-img/img/5807852d7c6eb3f2.jpg,G4 Descartables,,22
1263447807,PLATO POLIPAPEL 18CM - 25U,"Plato de polipapel de 18 cm de diámetro, ideal para servir alimentos de forma práctica y prolija.Es una opción funcional para eventos, gastronomía, reuniones...",in stock,new,5249.60 ARS,https://www.g4descartables.com.ar/productos/plato-polipapel-18cm-25u/,https://scalelabs-ar.github.io/g4-catalogo-img/img/70548c69a074bcd8.jpg,G4 Descartables,,93
1263447808,PLATO POLIPAPEL 18CM - 25U,"Plato de polipapel de 18 cm de diámetro, ideal para servir alimentos de forma práctica y prolija.Es una opción funcional para eventos, gastronomía, reuniones...",in stock,new,4003.95 ARS,https://www.g4descartables.com.ar/productos/plato-polipapel-18cm-25u/,https://scalelabs-ar.github.io/g4-catalogo-img/img/8e6daa13bf4b532a.jpg,G4 Descartables,,204
814293417,PLATO PROVOLETERA DE ALUMINIO P14 - 100U,"¡Descubrí nuestra provoletera descartable de aluminio! Ideales para todo tipo de eventos. Livianos y prácticos, perfectos para catering, asados y fiestas.",in stock,new,21154.43 ARS,https://www.g4descartables.com.ar/productos/plato-provoletera-de-aluminio-p14-x-100-unidades/,https://scalelabs-ar.github.io/g4-catalogo-img/img/24ca03b4167df281.jpg,G4 Descartables,,7
1106847941,PLATO REDONDO ACRILICO 15CM - 10U,"Plato de acrílico reutilizable de 15 cm de diámetro, ideal para el servicio de postres y preparaciones livianas.Su diseño fino y liviano brinda una presentac...",in stock,new,3901.46 ARS,https://www.g4descartables.com.ar/productos/plato-redondo-acrilico-15cm-x-10-unidades/,https://scalelabs-ar.github.io/g4-catalogo-img/img/43cabed5ff5daee9.jpg,G4 Descartables,,134
1106847945,PLATO REDONDO ACRILICO 15CM - 10U,"Plato de acrílico reutilizable de 15 cm de diámetro, ideal para el servicio de postres y preparaciones livianas.Su diseño fino y liviano brinda una presentac...",out of stock,new,3901.46 ARS,https://www.g4descartables.com.ar/productos/plato-redondo-acrilico-15cm-x-10-unidades/,https://scalelabs-ar.github.io/g4-catalogo-img/img/49f4f6e1fd77ae3f.jpg,G4 Descartables,,0
1106847949,PLATO REDONDO ACRILICO 15CM - 10U,"Plato de acrílico reutilizable de 15 cm de diámetro, ideal para el servicio de postres y preparaciones livianas.Su diseño fino y liviano brinda una presentac...",in stock,new,3901.46 ARS,https://www.g4descartables.com.ar/productos/plato-redondo-acrilico-15cm-x-10-unidades/,https://scalelabs-ar.github.io/g4-catalogo-img/img/f4c8750e6f2120f5.jpg,G4 Descartables,,32
1106847953,PLATO REDONDO ACRILICO 15CM - 10U,"Plato de acrílico reutilizable de 15 cm de diámetro, ideal para el servicio de postres y preparaciones livianas.Su diseño fino y liviano brinda una presentac...",out of stock,new,3901.46 ARS,https://www.g4descartables.com.ar/productos/plato-redondo-acrilico-15cm-x-10-unidades/,https://scalelabs-ar.github.io/g4-catalogo-img/img/840d204b0e52786c.jpg,G4 Descartables,,0
1106848326,PLATO REDONDO ACRILICO 18CM - 10U,"Plato de acrílico reutilizable de 18 cm de diámetro, ideal para postres y preparaciones livianas.Ofrece una superficie más amplia manteniendo un diseño fino ...",in stock,new,5121.62 ARS,https://www.g4descartables.com.ar/productos/plato-redondo-acrilico-18cm-x-10-unidades/,https://scalelabs-ar.github.io/g4-catalogo-img/img/3299c30143958653.jpg,G4 Descartables,,66
1106848332,PLATO REDONDO ACRILICO 18CM - 10U,"Plato de acrílico reutilizable de 18 cm de diámetro, ideal para postres y preparaciones livianas.Ofrece una superficie más amplia manteniendo un diseño fino ...",in stock,new,5121.62 ARS,https://www.g4descartables.com.ar/productos/plato-redondo-acrilico-18cm-x-10-unidades/,https://scalelabs-ar.github.io/g4-catalogo-img/img/74eb44aec6b0aeef.jpg,G4 Descartables,,51
1106852105,PLATO REDONDO ACRILICO 21CM - 10U,"Plato de acrílico reutilizable de 21 cm de diámetro, recomendado para postres y presentaciones livianas.Su mayor tamaño permite servir porciones más grandes ...",in stock,new,7185.66 ARS,https://www.g4descartables.com.ar/productos/plato-redondo-acrilico-21cm-x-10-unidades/,https://scalelabs-ar.github.io/g4-catalogo-img/img/04869b33b3fdc993.jpg,G4 Descartables,,92
1106852108,PLATO REDONDO ACRILICO 21CM - 10U,"Plato de acrílico reutilizable de 21 cm de diámetro, recomendado para postres y presentaciones livianas.Su mayor tamaño permite servir porciones más grandes ...",in stock,new,7185.66 ARS,https://www.g4descartables.com.ar/productos/plato-redondo-acrilico-21cm-x-10-unidades/,https://scalelabs-ar.github.io/g4-catalogo-img/img/e4fd7b6c5ac9d6f9.jpg,G4 Descartables,,56
970046096,PLATO TERMICO MARMITA CON TAPA 750ML - 50U,"Plato térmico tipo marmita con tapa incluida, ideal para el servicio y transporte de pastas y comidas calientes.Su formato redondo y profundo ayuda a conserv...",in stock,new,30937.89 ARS,https://www.g4descartables.com.ar/productos/plato-termico-con-tapa-750ml-x-50-unidades/,https://scalelabs-ar.github.io/g4-catalogo-img/img/cbf663e084db4107.jpg,G4 Descartables,,17
1213246483,PORTAVASOS DE CARTÓN DE DOS BOCAS - 50U,"Portavasos de cartón con dos bocas, ideal para el transporte de vasos de polipapel.Diseñado para facilitar el traslado seguro de dos bebidas al mismo tiempo,...",in stock,new,8560.75 ARS,https://www.g4descartables.com.ar/productos/portavasos-de-carton-de-dos-bocas-50u/,https://scalelabs-ar.github.io/g4-catalogo-img/img/de03e15ebe2819ac.jpg,G4 Descartables,,112
1078773095,POTE ACRILICO CUADRADO CON TAPA 180ML - 10U,"Kit de potes de acrílico con tapa en formato cuadrado, ideal para una presentación moderna y mayor estabilidad.Su diseño permite un mejor aprovechamiento del...",in stock,new,4960.21 ARS,https://www.g4descartables.com.ar/productos/pote-acrilico-cuadrado-con-tapa-180ml-x-10-unidades/,https://scalelabs-ar.github.io/g4-catalogo-img/img/bd6559fc356f70d0.jpg,G4 Descartables,,1
1078767150,POTE ACRILICO REDONDO CON TAPA 100ML - 10U,"Kit de potes de acrílico con tapa, ideal para el envasado, presentación y almacenamiento de pequeñas porciones.Su formato redondo y compacto es muy utilizado...",in stock,new,3973.35 ARS,https://www.g4descartables.com.ar/productos/pote-acrilico-redondo-con-tapa-100ml-x-10-unidades/,https://scalelabs-ar.github.io/g4-catalogo-img/img/55febb25e948917c.jpg,G4 Descartables,,134
1078770569,POTE ACRILICO REDONDO CON TAPA 150ML - 10U,"Kit de potes de acrílico con tapa, diseñado para porciones medianas y mayor capacidad de contenido.Mantiene el formato redondo, ofreciendo más altura para pr...",in stock,new,4420.57 ARS,https://www.g4descartables.com.ar/productos/pote-acrilico-redondo-con-tapa-150ml-x-10-unidades/,https://scalelabs-ar.github.io/g4-catalogo-img/img/9653e83084261493.jpg,G4 Descartables,,43
970046089,POTE PLASTICO CON TAPA BISAGRA 250ML - 100U,"Pote redondo descartable fabricado en material PET con tapa bisagra integrada, ideal para la presentación, conservación y transporte de alimentos fríos.La ta...",in stock,new,19346.69 ARS,https://www.g4descartables.com.ar/productos/pote-bisagra-chico-250ml-x-100-unidades/,https://scalelabs-ar.github.io/g4-catalogo-img/img/f253dac19b8451c1.jpg,G4 Descartables,,5
765997283,POTE PLASTICO CON TAPA BISAGRA 500ML - 100U,"Descubrí nuestro pote bisagra de 500ml. Ideal para hogares, y negocios de comida que requieren practicidad y eficiencia en cada uso.",in stock,new,23315.49 ARS,https://www.g4descartables.com.ar/productos/pote-bisagra-grande-500ml-x-100-unidades/,https://scalelabs-ar.github.io/g4-catalogo-img/img/734725796a42284f.jpg,G4 Descartables,,4
970046079,POTE PLASTICO CON TAPA BISAGRA 375ML - 100U,"Pote redondo descartable fabricado en material PET con tapa bisagra integrada, ideal para la presentación, conservación y transporte de alimentos fríos.La ta...",in stock,new,19968.63 ARS,https://www.g4descartables.com.ar/productos/pote-bisagra-mediano-375ml-x-100-unidades/,https://scalelabs-ar.github.io/g4-catalogo-img/img/3aaa1bb976f6cfe1.jpg,G4 Descartables,,3
1041406303,POTE CUADRADO LISO 240ML CON TAPA - 50U,"Pote descartable fabricado en material PET con tapa con evidencia de apertura, diseñado para garantizar seguridad e higiene en el transporte de alimentos.Cue...",in stock,new,27980.65 ARS,https://www.g4descartables.com.ar/productos/pote-cuadrado-liso-240ml-con-tapa-x-50-unidades/,https://scalelabs-ar.github.io/g4-catalogo-img/img/6c2d89a0579ef3aa.jpg,G4 Descartables,,9
1041399782,POTE CUADRADO LISO 360ML CON TAPA - 50U,"Pote descartable fabricado en material PET con tapa con evidencia de apertura, diseñado para garantizar seguridad e higiene en el transporte de alimentos.Cue...",in stock,new,31805.46 ARS,https://www.g4descartables.com.ar/productos/pote-cuadrado-liso-360ml-con-tapa-x-50-unidades-u94m8/,https://scalelabs-ar.github.io/g4-catalogo-img/img/659cbd3be648e2d8.jpg,G4 Descartables,,10
872611075,POTE CUADRADO LISO 720ML CON TAPA - 50U,"Descubrí nuestro pote de plastico cuadrado para alimentos. Ideal para hogares, y negocios de comida que requieren practicidad y eficiencia en cada uso.",in stock,new,40532.58 ARS,https://www.g4descartables.com.ar/productos/pote-cuadrado-liso-720ml-con-tapa-x-50-unidades/,https://scalelabs-ar.github.io/g4-catalogo-img/img/6e4fe844e6661ae1.jpg,G4 Descartables,,2
1256551004,POTE DEGUSTACION DESCARTABLE 25CC - 100U,"Pote descartable de 25cc, ideal para pequeñas porciones como salsas, aderezos o degustaciones. Práctico, liviano y funcional para gastronomía. 📏 Medi...",in stock,new,7194.66 ARS,https://www.g4descartables.com.ar/productos/pote-degustacion-descartable-25cc-100u/,https://scalelabs-ar.github.io/g4-catalogo-img/img/5cd369ac1ebf0939.jpg,G4 Descartables,,17
1256551011,POTE DEGUSTACION DESCARTABLE 25CC - 100U,"Pote descartable de 25cc, ideal para pequeñas porciones como salsas, aderezos o degustaciones. Práctico, liviano y funcional para gastronomía. 📏 Medi...",out of stock,new,7194.66 ARS,https://www.g4descartables.com.ar/productos/pote-degustacion-descartable-25cc-100u/,https://scalelabs-ar.github.io/g4-catalogo-img/img/edad105bbf575b60.jpg,G4 Descartables,,0
1256555414,POTE DEGUSTACION DESCARTABLE 55CC - 100U,"Pote descartable de 55cc, ideal para porciones individuales de salsas, dips o acompañamientos. 📏 Medidas Diámetro: 6,3 cm Alto: 3 cm 🧪 Caract...",in stock,new,9110.76 ARS,https://www.g4descartables.com.ar/productos/pote-degustacion-descartable-55cc-100u/,https://scalelabs-ar.github.io/g4-catalogo-img/img/660cf00143b0e024.jpg,G4 Descartables,,38
1256555423,POTE DEGUSTACION DESCARTABLE 55CC - 100U,"Pote descartable de 55cc, ideal para porciones individuales de salsas, dips o acompañamientos. 📏 Medidas Diámetro: 6,3 cm Alto: 3 cm 🧪 Caract...",in stock,new,9110.76 ARS,https://www.g4descartables.com.ar/productos/pote-degustacion-descartable-55cc-100u/,https://scalelabs-ar.github.io/g4-catalogo-img/img/63d8328b7e1570ec.jpg,G4 Descartables,,39
1257515820,POTE DEGUSTACION DESCARTABLE 55CC CON TAPA - 100U,"🥄 Pote Plástico 55cc con Tapa – Poliestireno Reciclable Pote descartable de 55cc con tapa incluida, ideal para aderezos y acompañamientos con mejor c...",in stock,new,14056.03 ARS,https://www.g4descartables.com.ar/productos/pote-degustacion-descartable-55cc-con-tapa-100u/,https://scalelabs-ar.github.io/g4-catalogo-img/img/64653e130d18aadd.jpg,G4 Descartables,,38
1257515822,POTE DEGUSTACION DESCARTABLE 55CC CON TAPA - 100U,"🥄 Pote Plástico 55cc con Tapa – Poliestireno Reciclable Pote descartable de 55cc con tapa incluida, ideal para aderezos y acompañamientos con mejor c...",in stock,new,14056.03 ARS,https://www.g4descartables.com.ar/productos/pote-degustacion-descartable-55cc-con-tapa-100u/,https://scalelabs-ar.github.io/g4-catalogo-img/img/cd22cd74c3fb52c0.jpg,G4 Descartables,,39
1257531020,POTE DEGUSTACION DESCARTABLE 80CC - 100U,"🥄 Pote Plástico 80cc – Poliestireno Reciclable (Sin Tapa) Pote descartable de 80cc, ideal para porciones más generosas de salsas o acompañamientos. &...",in stock,new,9110.76 ARS,https://www.g4descartables.com.ar/productos/pote-degustacion-descartable-80cc-100u/,https://scalelabs-ar.github.io/g4-catalogo-img/img/4b171b62e8ffa4f8.jpg,G4 Descartables,,16
1257531023,POTE DEGUSTACION DESCARTABLE 80CC - 100U,"🥄 Pote Plástico 80cc – Poliestireno Reciclable (Sin Tapa) Pote descartable de 80cc, ideal para porciones más generosas de salsas o acompañamientos. &...",in stock,new,9110.76 ARS,https://www.g4descartables.com.ar/productos/pote-degustacion-descartable-80cc-100u/,https://scalelabs-ar.github.io/g4-catalogo-img/img/7e7dc1c2a98eac78.jpg,G4 Descartables,,4
1257533679,POTE DEGUSTACION DESCARTABLE 80CC CON TAPA - 100U,"🥄 Pote Plástico 80cc con Tapa – Poliestireno Reciclable Pote descartable de 80cc con tapa incluida, ideal para porciones más grandes y transporte sin...",in stock,new,14056.03 ARS,https://www.g4descartables.com.ar/productos/pote-degustacion-descartable-80cc-con-tapa-100u/,https://scalelabs-ar.github.io/g4-catalogo-img/img/ccb5a6d148a14d49.jpg,G4 Descartables,,16
1257533683,POTE DEGUSTACION DESCARTABLE 80CC CON TAPA - 100U,"🥄 Pote Plástico 80cc con Tapa – Poliestireno Reciclable Pote descartable de 80cc con tapa incluida, ideal para porciones más grandes y transporte sin...",in stock,new,14056.03 ARS,https://www.g4descartables.com.ar/productos/pote-degustacion-descartable-80cc-con-tapa-100u/,https://scalelabs-ar.github.io/g4-catalogo-img/img/da77c4ac4e6ab807.jpg,G4 Descartables,,4
1489862907,POTE DEGUSTACION DESCARTABLE SHOT 100CC - 50U,"Pote plástico descartable de 100 cc, ideal para degustaciones y pequeñas porciones.Su tamaño compacto lo convierte en una excelente opción para muestras, eve...",out of stock,new,5655.44 ARS,https://www.g4descartables.com.ar/productos/pote-degustacion-descartable-shot-100cc-50u-o9e5v/,https://scalelabs-ar.github.io/g4-catalogo-img/img/8ac081c8c69dd23c.jpg,G4 Descartables,,0
1077390668,RESMA PAPEL SULFITO X KG,"Resma de papel sulfito ideal para múltiples usos en gastronomía, comercio e industria.Se utiliza comúnmente para envolver productos, siendo una opción prácti...",out of stock,new,2685.62 ARS,https://www.g4descartables.com.ar/productos/resma-papel-sulfito-x-kg/,https://scalelabs-ar.github.io/g4-catalogo-img/img/709a2b7211613ba4.jpg,G4 Descartables,,0
1077390681,RESMA PAPEL SULFITO X KG,"Resma de papel sulfito ideal para múltiples usos en gastronomía, comercio e industria.Se utiliza comúnmente para envolver productos, siendo una opción prácti...",out of stock,new,2686.20 ARS,https://www.g4descartables.com.ar/productos/resma-papel-sulfito-x-kg/,https://scalelabs-ar.github.io/g4-catalogo-img/img/709a2b7211613ba4.jpg,G4 Descartables,,0
1079892441,"ROLLO BOLSAS DE ARRANQUE ALTA DENSIDAD 1,2KG","Rollos de bolsas de arranque fabricadas en polietileno de alta densidad (HD), ideales para trabajos que requieren mayor resistencia y uso intensivo.Gracias a...",in stock,new,12908.72 ARS,https://www.g4descartables.com.ar/productos/rollo-bolsas-de-arranque-alta-densidad-12kg/,https://scalelabs-ar.github.io/g4-catalogo-img/img/e9d54526ea6cab4c.jpg,G4 Descartables,,1
1079892453,"ROLLO BOLSAS DE ARRANQUE ALTA DENSIDAD 1,2KG","Rollos de bolsas de arranque fabricadas en polietileno de alta densidad (HD), ideales para trabajos que requieren mayor resistencia y uso intensivo.Gracias a...",in stock,new,12908.72 ARS,https://www.g4descartables.com.ar/productos/rollo-bolsas-de-arranque-alta-densidad-12kg/,https://scalelabs-ar.github.io/g4-catalogo-img/img/e9d54526ea6cab4c.jpg,G4 Descartables,,5
1079892462,"ROLLO BOLSAS DE ARRANQUE ALTA DENSIDAD 1,2KG","Rollos de bolsas de arranque fabricadas en polietileno de alta densidad (HD), ideales para trabajos que requieren mayor resistencia y uso intensivo.Gracias a...",in stock,new,12908.72 ARS,https://www.g4descartables.com.ar/productos/rollo-bolsas-de-arranque-alta-densidad-12kg/,https://scalelabs-ar.github.io/g4-catalogo-img/img/e9d54526ea6cab4c.jpg,G4 Descartables,,4
1079892472,"ROLLO BOLSAS DE ARRANQUE ALTA DENSIDAD 1,2KG","Rollos de bolsas de arranque fabricadas en polietileno de alta densidad (HD), ideales para trabajos que requieren mayor resistencia y uso intensivo.Gracias a...",in stock,new,12908.72 ARS,https://www.g4descartables.com.ar/productos/rollo-bolsas-de-arranque-alta-densidad-12kg/,https://scalelabs-ar.github.io/g4-catalogo-img/img/e9d54526ea6cab4c.jpg,G4 Descartables,,6
1079892480,"ROLLO BOLSAS DE ARRANQUE ALTA DENSIDAD 1,2KG","Rollos de bolsas de arranque fabricadas en polietileno de alta densidad (HD), ideales para trabajos que requieren mayor resistencia y uso intensivo.Gracias a...",in stock,new,12908.72 ARS,https://www.g4descartables.com.ar/productos/rollo-bolsas-de-arranque-alta-densidad-12kg/,https://scalelabs-ar.github.io/g4-catalogo-img/img/e9d54526ea6cab4c.jpg,G4 Descartables,,12
1079892498,"ROLLO BOLSAS DE ARRANQUE ALTA DENSIDAD 1,2KG","Rollos de bolsas de arranque fabricadas en polietileno de alta densidad (HD), ideales para trabajos que requieren mayor resistencia y uso intensivo.Gracias a...",in stock,new,12908.72 ARS,https://www.g4descartables.com.ar/productos/rollo-bolsas-de-arranque-alta-densidad-12kg/,https://scalelabs-ar.github.io/g4-catalogo-img/img/e9d54526ea6cab4c.jpg,G4 Descartables,,2
1079892508,"ROLLO BOLSAS DE ARRANQUE ALTA DENSIDAD 1,2KG","Rollos de bolsas de arranque fabricadas en polietileno de alta densidad (HD), ideales para trabajos que requieren mayor resistencia y uso intensivo.Gracias a...",in stock,new,12908.72 ARS,https://www.g4descartables.com.ar/productos/rollo-bolsas-de-arranque-alta-densidad-12kg/,https://scalelabs-ar.github.io/g4-catalogo-img/img/e9d54526ea6cab4c.jpg,G4 Descartables,,1
1080033880,"ROLLO BOLSAS DE ARRANQUE ALTA DENSIDAD 1,5KG","Rollos de bolsas de arranque fabricadas en polietileno de alta densidad (HD), diseñadas para uso intensivo y trabajos que requieren mayor firmeza y resistenc...",in stock,new,16135.88 ARS,https://www.g4descartables.com.ar/productos/rollo-bolsas-de-arranque-alta-densidad-15kg/,https://scalelabs-ar.github.io/g4-catalogo-img/img/509cbe863683a21e.jpg,G4 Descartables,,2
1080020885,"ROLLO BOLSAS DE ARRANQUE ALTA DENSIDAD 1,5KG","Rollos de bolsas de arranque fabricadas en polietileno de alta densidad (HD), diseñadas para uso intensivo y trabajos que requieren mayor firmeza y resistenc...",in stock,new,16135.88 ARS,https://www.g4descartables.com.ar/productos/rollo-bolsas-de-arranque-alta-densidad-15kg/,https://scalelabs-ar.github.io/g4-catalogo-img/img/509cbe863683a21e.jpg,G4 Descartables,,1
1080020900,"ROLLO BOLSAS DE ARRANQUE ALTA DENSIDAD 1,5KG","Rollos de bolsas de arranque fabricadas en polietileno de alta densidad (HD), diseñadas para uso intensivo y trabajos que requieren mayor firmeza y resistenc...",in stock,new,16135.88 ARS,https://www.g4descartables.com.ar/productos/rollo-bolsas-de-arranque-alta-densidad-15kg/,https://scalelabs-ar.github.io/g4-catalogo-img/img/509cbe863683a21e.jpg,G4 Descartables,,4
1080020910,"ROLLO BOLSAS DE ARRANQUE ALTA DENSIDAD 1,5KG","Rollos de bolsas de arranque fabricadas en polietileno de alta densidad (HD), diseñadas para uso intensivo y trabajos que requieren mayor firmeza y resistenc...",in stock,new,16135.88 ARS,https://www.g4descartables.com.ar/productos/rollo-bolsas-de-arranque-alta-densidad-15kg/,https://scalelabs-ar.github.io/g4-catalogo-img/img/509cbe863683a21e.jpg,G4 Descartables,,4
1080020924,"ROLLO BOLSAS DE ARRANQUE ALTA DENSIDAD 1,5KG","Rollos de bolsas de arranque fabricadas en polietileno de alta densidad (HD), diseñadas para uso intensivo y trabajos que requieren mayor firmeza y resistenc...",in stock,new,16135.88 ARS,https://www.g4descartables.com.ar/productos/rollo-bolsas-de-arranque-alta-densidad-15kg/,https://scalelabs-ar.github.io/g4-catalogo-img/img/509cbe863683a21e.jpg,G4 Descartables,,6
1080020939,"ROLLO BOLSAS DE ARRANQUE ALTA DENSIDAD 1,5KG","Rollos de bolsas de arranque fabricadas en polietileno de alta densidad (HD), diseñadas para uso intensivo y trabajos que requieren mayor firmeza y resistenc...",out of stock,new,16135.88 ARS,https://www.g4descartables.com.ar/productos/rollo-bolsas-de-arranque-alta-densidad-15kg/,https://scalelabs-ar.github.io/g4-catalogo-img/img/509cbe863683a21e.jpg,G4 Descartables,,0
1080033895,"ROLLO BOLSAS DE ARRANQUE ALTA DENSIDAD 1,5KG","Rollos de bolsas de arranque fabricadas en polietileno de alta densidad (HD), diseñadas para uso intensivo y trabajos que requieren mayor firmeza y resistenc...",in stock,new,16135.88 ARS,https://www.g4descartables.com.ar/productos/rollo-bolsas-de-arranque-alta-densidad-15kg/,https://scalelabs-ar.github.io/g4-catalogo-img/img/509cbe863683a21e.jpg,G4 Descartables,,2
1080020949,"ROLLO BOLSAS DE ARRANQUE ALTA DENSIDAD 1,5KG","Rollos de bolsas de arranque fabricadas en polietileno de alta densidad (HD), diseñadas para uso intensivo y trabajos que requieren mayor firmeza y resistenc...",in stock,new,16135.88 ARS,https://www.g4descartables.com.ar/productos/rollo-bolsas-de-arranque-alta-densidad-15kg/,https://scalelabs-ar.github.io/g4-catalogo-img/img/509cbe863683a21e.jpg,G4 Descartables,,1
1080020965,"ROLLO BOLSAS DE ARRANQUE ALTA DENSIDAD 1,5KG","Rollos de bolsas de arranque fabricadas en polietileno de alta densidad (HD), diseñadas para uso intensivo y trabajos que requieren mayor firmeza y resistenc...",out of stock,new,16135.88 ARS,https://www.g4descartables.com.ar/productos/rollo-bolsas-de-arranque-alta-densidad-15kg/,https://scalelabs-ar.github.io/g4-catalogo-img/img/509cbe863683a21e.jpg,G4 Descartables,,0
1079890521,ROLLO BOLSAS DE ARRANQUE ALTA DENSIDAD 750GR,"Rollos de bolsas de arranque fabricadas en polietileno de alta densidad (HD), ideales para trabajos que requieren mayor firmeza y resistencia.Gracias a su es...",in stock,new,8067.95 ARS,https://www.g4descartables.com.ar/productos/rollo-bolsas-de-arranque-alta-densidad-750gr/,https://scalelabs-ar.github.io/g4-catalogo-img/img/c495874b42ba00d4.jpg,G4 Descartables,,4
1079890533,ROLLO BOLSAS DE ARRANQUE ALTA DENSIDAD 750GR,"Rollos de bolsas de arranque fabricadas en polietileno de alta densidad (HD), ideales para trabajos que requieren mayor firmeza y resistencia.Gracias a su es...",in stock,new,8067.95 ARS,https://www.g4descartables.com.ar/productos/rollo-bolsas-de-arranque-alta-densidad-750gr/,https://scalelabs-ar.github.io/g4-catalogo-img/img/c495874b42ba00d4.jpg,G4 Descartables,,4
1079890541,ROLLO BOLSAS DE ARRANQUE ALTA DENSIDAD 750GR,"Rollos de bolsas de arranque fabricadas en polietileno de alta densidad (HD), ideales para trabajos que requieren mayor firmeza y resistencia.Gracias a su es...",in stock,new,8067.95 ARS,https://www.g4descartables.com.ar/productos/rollo-bolsas-de-arranque-alta-densidad-750gr/,https://scalelabs-ar.github.io/g4-catalogo-img/img/c495874b42ba00d4.jpg,G4 Descartables,,28
1079890552,ROLLO BOLSAS DE ARRANQUE ALTA DENSIDAD 750GR,"Rollos de bolsas de arranque fabricadas en polietileno de alta densidad (HD), ideales para trabajos que requieren mayor firmeza y resistencia.Gracias a su es...",in stock,new,8067.95 ARS,https://www.g4descartables.com.ar/productos/rollo-bolsas-de-arranque-alta-densidad-750gr/,https://scalelabs-ar.github.io/g4-catalogo-img/img/c495874b42ba00d4.jpg,G4 Descartables,,10
1079890559,ROLLO BOLSAS DE ARRANQUE ALTA DENSIDAD 750GR,"Rollos de bolsas de arranque fabricadas en polietileno de alta densidad (HD), ideales para trabajos que requieren mayor firmeza y resistencia.Gracias a su es...",in stock,new,8067.95 ARS,https://www.g4descartables.com.ar/productos/rollo-bolsas-de-arranque-alta-densidad-750gr/,https://scalelabs-ar.github.io/g4-catalogo-img/img/c495874b42ba00d4.jpg,G4 Descartables,,10
1079890566,ROLLO BOLSAS DE ARRANQUE ALTA DENSIDAD 750GR,"Rollos de bolsas de arranque fabricadas en polietileno de alta densidad (HD), ideales para trabajos que requieren mayor firmeza y resistencia.Gracias a su es...",in stock,new,8067.95 ARS,https://www.g4descartables.com.ar/productos/rollo-bolsas-de-arranque-alta-densidad-750gr/,https://scalelabs-ar.github.io/g4-catalogo-img/img/c495874b42ba00d4.jpg,G4 Descartables,,13
1079890577,ROLLO BOLSAS DE ARRANQUE ALTA DENSIDAD 750GR,"Rollos de bolsas de arranque fabricadas en polietileno de alta densidad (HD), ideales para trabajos que requieren mayor firmeza y resistencia.Gracias a su es...",out of stock,new,8067.95 ARS,https://www.g4descartables.com.ar/productos/rollo-bolsas-de-arranque-alta-densidad-750gr/,https://scalelabs-ar.github.io/g4-catalogo-img/img/c495874b42ba00d4.jpg,G4 Descartables,,0
1079890588,ROLLO BOLSAS DE ARRANQUE ALTA DENSIDAD 750GR,"Rollos de bolsas de arranque fabricadas en polietileno de alta densidad (HD), ideales para trabajos que requieren mayor firmeza y resistencia.Gracias a su es...",in stock,new,8067.95 ARS,https://www.g4descartables.com.ar/productos/rollo-bolsas-de-arranque-alta-densidad-750gr/,https://scalelabs-ar.github.io/g4-catalogo-img/img/c495874b42ba00d4.jpg,G4 Descartables,,1
1559244447,ROLLO COCINA ELEGANTE 3X100 PAÑOS,🧻 Rollo de Cocina – 100 Paños (Pack x3 Rollos) Rollos de cocina ideales para limpieza diaria y absorción de líquidos. Prácticos y funcionales para el...,in stock,new,3367.84 ARS,https://www.g4descartables.com.ar/productos/rollo-cocina-elegante-3x100-panos-1jg74/,https://scalelabs-ar.github.io/g4-catalogo-img/img/0bf5e9a250ee2e70.jpg,G4 Descartables,,31
1489896460,ROLLO COCINA ELEGANTE 3X120 PAÑOS - 923,"🧻 Rollo de Cocina Elegante 120 Paños (Pack x3 rollos) Rollos de cocina marca Elegante, diseñados para ofrecer excelente absorción y resistencia en el...",in stock,new,3661.59 ARS,https://www.g4descartables.com.ar/productos/rollo-cocina-elegante-3x120-panos-923-ttnuq/,https://scalelabs-ar.github.io/g4-catalogo-img/img/946a2ac4ae4a0640.jpg,G4 Descartables,,53
1524969909,ROLLO COCINA ELEGANTE 3X50 PAÑOS,🧻 Rollo de Cocina – 50 Paños (Pack x3 Rollos) Rollos de cocina ideales para limpieza diaria y absorción de líquidos. Prácticos y funcionales para el ...,in stock,new,1832.28 ARS,https://www.g4descartables.com.ar/productos/rollo-cocina-elegante-3x50-panos-1r11y/,https://scalelabs-ar.github.io/g4-catalogo-img/img/2dac20cbc1b604f6.jpg,G4 Descartables,,677
872578510,ROLLO DE ARRANQUE 60X90 ALTA DENSIDAD 2kg,"Rollo de bolsas de arranque fabricadas en polietileno de alta densidad, diseñado para usos de alta exigencia y productos de gran tamaño o peso.Gracias a su e...",in stock,new,21514.51 ARS,https://www.g4descartables.com.ar/productos/rollo-de-arranque-60x90-alta-densidad-2kg/,https://scalelabs-ar.github.io/g4-catalogo-img/img/dedd3bca02d3750d.jpg,G4 Descartables,,29
872576882,ROLLO DE ARRANQUE ALTA DENSIDAD 15x20,"Rollo de bolsas de arranque fabricadas en polietileno, ideal para el envasado rápido y práctico de productos livianos.Su formato en rollo permite un uso ágil...",in stock,new,4755.34 ARS,https://www.g4descartables.com.ar/productos/rollo-de-arranque-alta-densidad-15x20/,https://scalelabs-ar.github.io/g4-catalogo-img/img/f69242268c18f2f6.jpg,G4 Descartables,,8
972923809,ROLLO DE ARRANQUE LIVIANITO,"Rollo de bolsas de arranque rendidor fabricadas en polietileno, ideales para el envasado rápido de productos livianos en comercios y gastronomía.Su formato e...",in stock,new,5895.99 ARS,https://www.g4descartables.com.ar/productos/rollo-de-arranque-rendidor/,https://scalelabs-ar.github.io/g4-catalogo-img/img/3381aaf65d3942a0.jpg,G4 Descartables,,31
972923814,ROLLO DE ARRANQUE LIVIANITO,"Rollo de bolsas de arranque rendidor fabricadas en polietileno, ideales para el envasado rápido de productos livianos en comercios y gastronomía.Su formato e...",in stock,new,8254.43 ARS,https://www.g4descartables.com.ar/productos/rollo-de-arranque-rendidor/,https://scalelabs-ar.github.io/g4-catalogo-img/img/3381aaf65d3942a0.jpg,G4 Descartables,,15
972923819,ROLLO DE ARRANQUE LIVIANITO,"Rollo de bolsas de arranque rendidor fabricadas en polietileno, ideales para el envasado rápido de productos livianos en comercios y gastronomía.Su formato e...",in stock,new,10023.19 ARS,https://www.g4descartables.com.ar/productos/rollo-de-arranque-rendidor/,https://scalelabs-ar.github.io/g4-catalogo-img/img/3381aaf65d3942a0.jpg,G4 Descartables,,4
1401018340,ROLLO DE COCINA ELEGANTE 200 PAÑOS,"Rollo de cocina marca Elegante, ideal para la limpieza y absorción en el hogar y entornos gastronómicos.Cuenta con 200 paños por rollo, lo que lo convierte e...",in stock,new,2292.88 ARS,https://www.g4descartables.com.ar/productos/rollo-de-cocina-elegante-200-panos-yask9/,https://scalelabs-ar.github.io/g4-catalogo-img/img/4920bd35a68a10ec.jpg,G4 Descartables,,1262
1171500842,ROLLO DE RESIDUOS 45X60 - 20U,"Rollo de bolsas de residuo negras, ideales para el descarte de residuos livianos en hogares y comercios.Su tamaño compacto las hace prácticas para el uso dia...",in stock,new,1213.63 ARS,https://www.g4descartables.com.ar/productos/rollo-de-residuos-45x60-20u/,https://scalelabs-ar.github.io/g4-catalogo-img/img/a8dd54124999b236.jpg,G4 Descartables,,149
1171541914,ROLLO DE RESIDUOS 50X70 - 20U,"Bolsas de residuo negras en rollo, ideales para el descarte de residuos en hogares, oficinas y comercios.Su tamaño intermedio ofrece una mayor capacidad mant...",in stock,new,1537.91 ARS,https://www.g4descartables.com.ar/productos/rollo-de-residuos-50x70-20u/,https://scalelabs-ar.github.io/g4-catalogo-img/img/c7c50f961630b994.jpg,G4 Descartables,,117
1171619585,ROLLO DE RESIDUOS 60X90 - 10U,"Rollo de bolsas de residuo negras de mayor tamaño, pensado para un mayor volumen de residuos.Su espesor de 20 micrones brinda una mejor resistencia, ideal pa...",in stock,new,2064.26 ARS,https://www.g4descartables.com.ar/productos/rollo-de-residuos-60x90-10u/,https://scalelabs-ar.github.io/g4-catalogo-img/img/85a8231d2ee21051.jpg,G4 Descartables,,89
1171662760,ROLLO DE RESIDUOS 80X110 - 10U,"Bolsas de residuo negras de gran formato, diseñadas para el descarte de grandes volúmenes de residuos.Su espesor de 26 micrones ofrece una resistencia superi...",in stock,new,3561.03 ARS,https://www.g4descartables.com.ar/productos/rollo-de-residuos-80x110-10u/,https://scalelabs-ar.github.io/g4-catalogo-img/img/b4b3c2d92e669c8c.jpg,G4 Descartables,,74
751420072,ROLLO FILM AUTOADHERENTE 30MTS,"Rollo Film Autoadherente 30mts Experimente la practicidad y elegancia del Rollo Film Autoadherente, un elemento esencial para su uso hogareño. Con un largo d...",in stock,new,1531.98 ARS,https://www.g4descartables.com.ar/productos/rollo-film-autoadherente-30mts/,https://scalelabs-ar.github.io/g4-catalogo-img/img/b7fb31ba5e878739.jpg,G4 Descartables,,18
750696323,ROLLO PAPEL ALUMINIO 25MTS,Rollo Papel Aluminio 25mts Descubra la elegancia y funcionalidad del Rollo de Papel Aluminio de 25 metros. Con un ancho de 28cm y una resistencia de 10 micro...,in stock,new,4891.34 ARS,https://www.g4descartables.com.ar/productos/rollo-papel-aluminio-30cm-x-25mts/,https://scalelabs-ar.github.io/g4-catalogo-img/img/76ab6afac8eed411.jpg,G4 Descartables,,200
750674193,ROLLO PAPEL ALUMINIO 38CM X 1KG EN ESTUCHE,"¡Conocé nuestros rollos de papel aluminio! Ideales para gastronomía y uso doméstico. Prácticos y versátiles, perfectos para envolver alimentos y conservar su frescura. Disponibles en diferentes medidas para adaptarse a tus necesidades en la cocina. ¡Descubrí la calidad que hace la diferencia en cada preparació",in stock,new,19117.18 ARS,https://www.g4descartables.com.ar/productos/rollo-papel-aluminio-38cm-x-1kg-en-estuche/,https://scalelabs-ar.github.io/g4-catalogo-img/img/4417454180515426.jpg,G4 Descartables,,8
750668184,ROLLO PAPEL ALUMINIO 38CM X 1KG,"¡Conocé nuestros rollos de papel aluminio! Ideales para gastronomía y uso doméstico. Prácticos y versátiles, perfectos para envolver alimentos y conservar su frescura. Disponibles en diferentes medidas para adaptarse a tus necesidades en la cocina. ¡Descubrí la calidad que hace la diferencia en cada preparació",in stock,new,14151.08 ARS,https://www.g4descartables.com.ar/productos/rollo-papel-aluminio-38cm-x-1kg/,https://scalelabs-ar.github.io/g4-catalogo-img/img/eb18e642bf5525db.jpg,G4 Descartables,,13
750671097,ROLLO PAPEL ALUMINIO 38CM X 2KG,"¡Conocé nuestros rollos de papel aluminio! Ideales para gastronomía y uso doméstico. Prácticos y versátiles, perfectos para envolver alimentos y conservar su frescura. Disponibles en diferentes medidas para adaptarse a tus necesidades en la cocina. ¡Descubrí la calidad que hace la diferencia en cada preparació",in stock,new,35057.87 ARS,https://www.g4descartables.com.ar/productos/rollo-papel-aluminio-38cm-x-2kg/,https://scalelabs-ar.github.io/g4-catalogo-img/img/a8d5cde146592331.jpg,G4 Descartables,,5
750680278,ROLLO PAPEL ALUMINIO 5MTS EN ESTUCHE,"Rollo De Aluminio 5mts En Estuche Descubra la sofisticación y funcionalidad del Rollo de Aluminio de 5 metros, diseñado especialmente para el uso en hogares....",in stock,new,1488.69 ARS,https://www.g4descartables.com.ar/productos/rollo-papel-aluminio-5mts-en-estuche/,https://scalelabs-ar.github.io/g4-catalogo-img/img/2e98262fbb7b41b9.jpg,G4 Descartables,,28
750677294,ROLLO PAPEL ALUMINIO 5MTS,"Rollo De Aluminio 5mts Descubra la elegancia y funcionalidad del Rollo de Aluminio de 5mts, un complemento imprescindible en su hogar. Con un ancho de 28cm y...",in stock,new,1197.78 ARS,https://www.g4descartables.com.ar/productos/rollo-papel-aluminio-5mts/,https://scalelabs-ar.github.io/g4-catalogo-img/img/86f66bcfe3bff715.jpg,G4 Descartables,,1
1040610751,ROLLO PAPEL ALUMINIO ALUPAQ 38CM X 30MTS,"Rollo de papel aluminio marca Alupaq, ideal para uso gastronómico y doméstico.Fabricado con aluminio de 15 micrones de espesor, ofrece buena flexibilidad y f...",in stock,new,11304.64 ARS,https://www.g4descartables.com.ar/productos/rollo-papel-aluminio-alupaq-38cm-x-30mts/,https://scalelabs-ar.github.io/g4-catalogo-img/img/d148ed7056df18c1.jpg,G4 Descartables,,27
1040614640,ROLLO PAPEL ALUMINIO ALUPAQ 38CM X 50MTS,"Rollo de papel aluminio marca Alupaq, ideal para uso gastronómico y doméstico.Fabricado con aluminio de 15 micrones de espesor, ofrece buena flexibilidad y f...",in stock,new,16956.93 ARS,https://www.g4descartables.com.ar/productos/rollo-papel-aluminio-alupaq-38cm-x-50mts/,https://scalelabs-ar.github.io/g4-catalogo-img/img/3ccdaee707f97988.jpg,G4 Descartables,,27
765989015,ROLLO PAPEL MANTECA 28CM X 5MTS,"Rollo de papel manteca ideal para uso gastronómico y doméstico.Diseñado para facilitar la cocción y manipulación de alimentos, evita que las preparaciones se...",in stock,new,1376.31 ARS,https://www.g4descartables.com.ar/productos/rollo-papel-manteca-28cm-x-5mts/,https://scalelabs-ar.github.io/g4-catalogo-img/img/caaed917ec2b7ab1.jpg,G4 Descartables,,57
1040621576,ROLLO PAPEL MANTECA 38CM X 1KG,"Rollo de papel manteca ideal para uso gastronómico y doméstico.Diseñado para facilitar la cocción y manipulación de alimentos, evita que las preparaciones se...",out of stock,new,13679.32 ARS,https://www.g4descartables.com.ar/productos/rollo-papel-manteca-38cm-x-1kg/,https://scalelabs-ar.github.io/g4-catalogo-img/img/00cfb48526287ab7.jpg,G4 Descartables,,0
1196433011,SECADOR DE PISO 30CM CON PALO,"Comprá online SECADOR DE PISO 30CM CON PALO por $5.889,19. Hacé tu pedido y pagalo online.",out of stock,new,5889.19 ARS,https://www.g4descartables.com.ar/productos/secador-de-piso-30cm-con-palo/,https://scalelabs-ar.github.io/g4-catalogo-img/img/e565863b7ff740e8.jpg,G4 Descartables,,0
1196438770,SECADOR DE PISO 30CM,"Comprá online SECADOR DE PISO 30CM por $4.065,99. Hacé tu pedido y pagalo online.",in stock,new,4065.99 ARS,https://www.g4descartables.com.ar/productos/secador-de-piso-30cm/,https://scalelabs-ar.github.io/g4-catalogo-img/img/fe1865a9fe3eeb5c.jpg,G4 Descartables,,188
1196435285,SECADOR DE PISO 40CM CON PALO,"Comprá online SECADOR DE PISO 40CM CON PALO por $6.185,83. Hacé tu pedido y pagalo online.",in stock,new,6185.83 ARS,https://www.g4descartables.com.ar/productos/secador-de-piso-40cm-con-palo/,https://scalelabs-ar.github.io/g4-catalogo-img/img/64534ab98e7385d1.jpg,G4 Descartables,,144
1196439391,SECADOR DE PISO 40CM,"Comprá online SECADOR DE PISO 40CM por $4.014,59. Hacé tu pedido y pagalo online.",in stock,new,4014.59 ARS,https://www.g4descartables.com.ar/productos/secador-de-piso-40cm/,https://scalelabs-ar.github.io/g4-catalogo-img/img/3d316a059120a466.jpg,G4 Descartables,,56
1196495740,SECADOR DE PISO 58CM CON PALO,"Comprá online SECADOR DE PISO 58CM CON PALO por $10.378,48. Hacé tu pedido y pagalo online.",in stock,new,10378.48 ARS,https://www.g4descartables.com.ar/productos/secador-de-piso-58cm-con-palo/,https://scalelabs-ar.github.io/g4-catalogo-img/img/0482ec9a9ee93fd4.jpg,G4 Descartables,,37
1196487082,SECADOR DE PISO 58CM,"Comprá online SECADOR DE PISO 58CM por $7.421,12. Hacé tu pedido y pagalo online.",in stock,new,7421.12 ARS,https://www.g4descartables.com.ar/productos/secador-de-piso-58cm/,https://scalelabs-ar.github.io/g4-catalogo-img/img/14c8d1797ca2e903.jpg,G4 Descartables,,108
750730750,SEPARADORES DE FREEZER 20X25 - 100U,"Separadores De Freezer 20x25cm Descubra la funcionalidad de los Separadores de Freezer, diseñados para optimizar el almacenamiento en su hogar. Con unas medi...",in stock,new,1743.40 ARS,https://www.g4descartables.com.ar/productos/separadores-de-freezer-20x25cm/,https://scalelabs-ar.github.io/g4-catalogo-img/img/791aa5d5e310326e.jpg,G4 Descartables,,33
1473319698,SERVILLETAS ELEGANTE 32X32CM - 1000U,"Servilletas blancas de 32 × 32 cm, ideales para el servicio gastronómico y uso en comercios.Son una opción práctica y funcional para restaurantes, bares, caf...",in stock,new,15246.76 ARS,https://www.g4descartables.com.ar/productos/servilletas-elegante-32x32cm-1000u-1bbes/,https://scalelabs-ar.github.io/g4-catalogo-img/img/86076c83e73377c9.jpg,G4 Descartables,,47
1274720940,SOBRE DE PAPEL LISO SIN MANIJA 09X05X24 - 100U,"Comprá online SOBRE DE PAPEL LISO SIN MANIJA 09X05X24 - 100U por $13.648,22. Hacé tu pedido y pagalo online.",in stock,new,13648.22 ARS,https://www.g4descartables.com.ar/productos/sobre-de-papel-liso-sin-manija-09x05x24-100u/,https://scalelabs-ar.github.io/g4-catalogo-img/img/f9d0aa0877acf6a5.jpg,G4 Descartables,,17
1274720945,SOBRE DE PAPEL LISO SIN MANIJA 09X05X24 - 100U,"Comprá online SOBRE DE PAPEL LISO SIN MANIJA 09X05X24 - 100U por $13.648,22. Hacé tu pedido y pagalo online.",in stock,new,13648.22 ARS,https://www.g4descartables.com.ar/productos/sobre-de-papel-liso-sin-manija-09x05x24-100u/,https://scalelabs-ar.github.io/g4-catalogo-img/img/b5fd1f1950f55b11.jpg,G4 Descartables,,21
1274720950,SOBRE DE PAPEL LISO SIN MANIJA 09X05X24 - 100U,"Comprá online SOBRE DE PAPEL LISO SIN MANIJA 09X05X24 - 100U por $13.648,22. Hacé tu pedido y pagalo online.",in stock,new,13648.22 ARS,https://www.g4descartables.com.ar/productos/sobre-de-papel-liso-sin-manija-09x05x24-100u/,https://scalelabs-ar.github.io/g4-catalogo-img/img/03045d1431548bb2.jpg,G4 Descartables,,8
1274720957,SOBRE DE PAPEL LISO SIN MANIJA 09X05X24 - 100U,"Comprá online SOBRE DE PAPEL LISO SIN MANIJA 09X05X24 - 100U por $13.648,22. Hacé tu pedido y pagalo online.",out of stock,new,13648.22 ARS,https://www.g4descartables.com.ar/productos/sobre-de-papel-liso-sin-manija-09x05x24-100u/,https://scalelabs-ar.github.io/g4-catalogo-img/img/4fc9a851de325372.jpg,G4 Descartables,,0
1274715392,SOBRE DE PAPEL LISO SIN MANIJA 09X05X24 - 100U,"Comprá online SOBRE DE PAPEL LISO SIN MANIJA 09X05X24 - 100U por $13.648,22. Hacé tu pedido y pagalo online.",out of stock,new,13648.22 ARS,https://www.g4descartables.com.ar/productos/sobre-de-papel-liso-sin-manija-09x05x24-100u/,https://scalelabs-ar.github.io/g4-catalogo-img/img/0bbc408983923dc7.jpg,G4 Descartables,,0
1274715393,SOBRE DE PAPEL LISO SIN MANIJA 09X05X24 - 100U,"Comprá online SOBRE DE PAPEL LISO SIN MANIJA 09X05X24 - 100U por $13.648,22. Hacé tu pedido y pagalo online.",in stock,new,13648.22 ARS,https://www.g4descartables.com.ar/productos/sobre-de-papel-liso-sin-manija-09x05x24-100u/,https://scalelabs-ar.github.io/g4-catalogo-img/img/0bc131148a590184.jpg,G4 Descartables,,9
1196453723,SUPER PALA CON PALO,"Comprá online SUPER PALA CON PALO por $8.693,83. Hacé tu pedido y pagalo online.",in stock,new,8693.83 ARS,https://www.g4descartables.com.ar/productos/super-pala-con-palo/,https://scalelabs-ar.github.io/g4-catalogo-img/img/06c8821886f257f8.jpg,G4 Descartables,,23
1399699385,TAPA TRANSPARENTE PARA VASO DE POLIPAPEL DE 16OZ - 25U,"Tapa transparente diseñada para vasos de 16 oz, con perforación en forma de cruz para sorbete.Permite un cierre seguro del vaso y facilita el consumo de bebi...",in stock,new,3571.77 ARS,https://www.g4descartables.com.ar/productos/tapa-transparente-para-vaso-de-polipapel-de-16oz-50u-fqdzh/,https://scalelabs-ar.github.io/g4-catalogo-img/img/951c4437825393ff.jpg,G4 Descartables,,46
1388587622,TENEDOR APERITIVO PARA PICADAS - 180U,"Pinchos de picada fabricados en acrílico, ideales para servir y presentar bocados de forma práctica y prolija.Son muy utilizados en picadas, eventos, caterin...",in stock,new,3127.89 ARS,https://www.g4descartables.com.ar/productos/tenedor-aperitivo-para-picadas-180u-5jd3v/,https://scalelabs-ar.github.io/g4-catalogo-img/img/a8c6bf7e239c70ba.jpg,G4 Descartables,,77
1078740051,TENEDOR DESCARTABLE PARA COMIDA RAPIDA - 50U,"Tenedor descartable fabricado en poliestireno, ideal para el consumo de comidas frías o templadas en eventos, gastronomía y take away.Su diseño liviano y fun...",in stock,new,1903.52 ARS,https://www.g4descartables.com.ar/productos/tenedor-descartable-para-comida-rapida-x-50-unidades/,https://scalelabs-ar.github.io/g4-catalogo-img/img/cfa6ae7ae2f8f473.jpg,G4 Descartables,,115
1401031666,TOALLA INTERCALADA ELEGANTE 19X24CM - 2500U,"Toallas intercaladas marca Elegante, ideales para secado de manos en baños comerciales, institucionales y de alto tránsito.Su formato intercalado permite ext...",in stock,new,27796.68 ARS,https://www.g4descartables.com.ar/productos/toalla-intercalada-elegante-19x24cm-2500u-l6eqz/,https://scalelabs-ar.github.io/g4-catalogo-img/img/c18764f03ca269a8.jpg,G4 Descartables,,145
1196461735,TRAPO DE PISO AZUL 40X67CM,"Comprá online TRAPO DE PISO AZUL 40X67CM por $1.200,20. Hacé tu pedido y pagalo online.",in stock,new,1200.20 ARS,https://www.g4descartables.com.ar/productos/trapo-de-piso-azul-40x67cm/,https://scalelabs-ar.github.io/g4-catalogo-img/img/02f7d4ba698b40f4.jpg,G4 Descartables,,132
1196514324,TRAPO DE PISO BLANCO 40X67CM - 3U,"Trapo de piso blanco ideal para limpieza diaria, con gran capacidad de absorción y resistencia para uso intensivo en hogar o comercio. 📦 Presentación...",in stock,new,4335.09 ARS,https://www.g4descartables.com.ar/productos/trapo-de-piso-blanco-40x67cm-pack-x-3/,https://scalelabs-ar.github.io/g4-catalogo-img/img/c85776e9713feff8.jpg,G4 Descartables,,246
1081925902,VASO DE ACRILICO 200ML - 10U,"Vaso de acrílico reutilizable de 200 ml, ideal para bebidas y presentaciones de porción chica.Su diseño totalmente transparente ofrece una estética limpia y ...",out of stock,new,3470.10 ARS,https://www.g4descartables.com.ar/productos/vaso-de-acrilico-200ml-x-10-unidades/,https://scalelabs-ar.github.io/g4-catalogo-img/img/8dd725c1c1949f5b.jpg,G4 Descartables,,0
1081940696,VASO DE ACRILICO 300ML - 10U,"Vaso de acrílico reutilizable de 300 ml, ideal para bebidas de mayor volumen en eventos y reuniones.Su formato equilibrado combina buena capacidad con una pr...",in stock,new,4256.68 ARS,https://www.g4descartables.com.ar/productos/vaso-de-acrilico-300ml-x-10-unidades/,https://scalelabs-ar.github.io/g4-catalogo-img/img/3287e8cd8faa06b8.jpg,G4 Descartables,,2218
766000909,VASO DE ALUMINIO H10 230CC - 100U,"Flaneras descartables fabricadas en aluminio liviano, ideales para preparar flanes, postres, porciones individuales y pequeñas preparaciones dulces o saladas...",in stock,new,15984.10 ARS,https://www.g4descartables.com.ar/productos/vaso-de-aluminio-h10-230cc-x-100-unidades/,https://scalelabs-ar.github.io/g4-catalogo-img/img/b09f55eb992b6d79.jpg,G4 Descartables,,10
766000706,VASO DE ALUMINIO H9 135CC - 100U,"Flaneras descartables fabricadas en aluminio liviano, ideales para preparar flanes, postres, porciones individuales y pequeñas preparaciones dulces o saladas...",out of stock,new,12725.57 ARS,https://www.g4descartables.com.ar/productos/vaso-de-aluminio-h9-x-500/,https://scalelabs-ar.github.io/g4-catalogo-img/img/5f8e5fe55821e6ab.jpg,G4 Descartables,,0
1597065187,VASO DE POLIPAPEL 12OZ BLANCO - 30U,"Vaso de polipapel de 12 oz de pared simple, ideal para el servicio de bebidas calientes y frías.Su mayor capacidad lo convierte en una excelente opción para ...",in stock,new,4328.38 ARS,https://www.g4descartables.com.ar/productos/vaso-de-polipapel-12oz-blanco-x-30u/,https://scalelabs-ar.github.io/g4-catalogo-img/img/26b6787fa057d746.jpg,G4 Descartables,,237
1597065189,VASO DE POLIPAPEL 12OZ BLANCO - 30U,"Vaso de polipapel de 12 oz de pared simple, ideal para el servicio de bebidas calientes y frías.Su mayor capacidad lo convierte en una excelente opción para ...",in stock,new,6643.87 ARS,https://www.g4descartables.com.ar/productos/vaso-de-polipapel-12oz-blanco-x-30u/,https://scalelabs-ar.github.io/g4-catalogo-img/img/6261eeb1db9ec103.jpg,G4 Descartables,,237
1597065192,VASO DE POLIPAPEL 12OZ BLANCO - 30U,"Vaso de polipapel de 12 oz de pared simple, ideal para el servicio de bebidas calientes y frías.Su mayor capacidad lo convierte en una excelente opción para ...",in stock,new,5988.01 ARS,https://www.g4descartables.com.ar/productos/vaso-de-polipapel-12oz-blanco-x-30u/,https://scalelabs-ar.github.io/g4-catalogo-img/img/e48f4558cb42936d.jpg,G4 Descartables,,237
1597065193,VASO DE POLIPAPEL 12OZ BLANCO - 30U,"Vaso de polipapel de 12 oz de pared simple, ideal para el servicio de bebidas calientes y frías.Su mayor capacidad lo convierte en una excelente opción para ...",in stock,new,8303.50 ARS,https://www.g4descartables.com.ar/productos/vaso-de-polipapel-12oz-blanco-x-30u/,https://scalelabs-ar.github.io/g4-catalogo-img/img/0c2e8825f58d8fda.jpg,G4 Descartables,,237
1597072301,VASO DE POLIPAPEL 12OZ MADERA - 30U,"Vaso de polipapel de 12 oz de pared simple, ideal para el servicio de bebidas calientes y frías.Su mayor capacidad lo convierte en una excelente opción para ...",out of stock,new,4328.71 ARS,https://www.g4descartables.com.ar/productos/vaso-de-polipapel-12oz-madera-30u-1bn5f/,https://scalelabs-ar.github.io/g4-catalogo-img/img/45ff74ced2711453.jpg,G4 Descartables,,0
1597072303,VASO DE POLIPAPEL 12OZ MADERA - 30U,"Vaso de polipapel de 12 oz de pared simple, ideal para el servicio de bebidas calientes y frías.Su mayor capacidad lo convierte en una excelente opción para ...",out of stock,new,6644.21 ARS,https://www.g4descartables.com.ar/productos/vaso-de-polipapel-12oz-madera-30u-1bn5f/,https://scalelabs-ar.github.io/g4-catalogo-img/img/58ccfe85227f5ae0.jpg,G4 Descartables,,0
1597072304,VASO DE POLIPAPEL 12OZ MADERA - 30U,"Vaso de polipapel de 12 oz de pared simple, ideal para el servicio de bebidas calientes y frías.Su mayor capacidad lo convierte en una excelente opción para ...",out of stock,new,5988.35 ARS,https://www.g4descartables.com.ar/productos/vaso-de-polipapel-12oz-madera-30u-1bn5f/,https://scalelabs-ar.github.io/g4-catalogo-img/img/2e62405f12158c1c.jpg,G4 Descartables,,0
1597072305,VASO DE POLIPAPEL 12OZ MADERA - 30U,"Vaso de polipapel de 12 oz de pared simple, ideal para el servicio de bebidas calientes y frías.Su mayor capacidad lo convierte en una excelente opción para ...",out of stock,new,8303.84 ARS,https://www.g4descartables.com.ar/productos/vaso-de-polipapel-12oz-madera-30u-1bn5f/,https://scalelabs-ar.github.io/g4-catalogo-img/img/001772595ea67471.jpg,G4 Descartables,,0
1598251011,VASO DE POLIPAPEL 12OZ TEMÁTICO - 30U,"Vaso de polipapel de 12 oz de pared simple, ideal para el servicio de bebidas calientes y frías.Su mayor capacidad lo convierte en una excelente opción para ...",out of stock,new,5872.12 ARS,https://www.g4descartables.com.ar/productos/vaso-de-polipapel-12oz-tematico-30u-113x0/,https://scalelabs-ar.github.io/g4-catalogo-img/img/186cd08c3f069a55.jpg,G4 Descartables,,0
1598251013,VASO DE POLIPAPEL 12OZ TEMÁTICO - 30U,"Vaso de polipapel de 12 oz de pared simple, ideal para el servicio de bebidas calientes y frías.Su mayor capacidad lo convierte en una excelente opción para ...",out of stock,new,8187.61 ARS,https://www.g4descartables.com.ar/productos/vaso-de-polipapel-12oz-tematico-30u-113x0/,https://scalelabs-ar.github.io/g4-catalogo-img/img/522e06f798f5c8b1.jpg,G4 Descartables,,0
1597097928,VASO DE POLIPAPEL 16OZ BLANCO - 50U,"Vaso de polipapel de 16 oz de pared simple, ideal para el servicio de bebidas calientes y frías.Su mayor capacidad lo convierte en una excelente opción para ...",out of stock,new,8116.03 ARS,https://www.g4descartables.com.ar/productos/vaso-de-polipapel-16oz-blanco-25u-ki5m3/,https://scalelabs-ar.github.io/g4-catalogo-img/img/1dc151d9d8777dbf.jpg,G4 Descartables,,0
1597097930,VASO DE POLIPAPEL 16OZ BLANCO - 50U,"Vaso de polipapel de 16 oz de pared simple, ideal para el servicio de bebidas calientes y frías.Su mayor capacidad lo convierte en una excelente opción para ...",out of stock,new,13120.86 ARS,https://www.g4descartables.com.ar/productos/vaso-de-polipapel-16oz-blanco-25u-ki5m3/,https://scalelabs-ar.github.io/g4-catalogo-img/img/29600503015dbb7c.jpg,G4 Descartables,,0
1597097932,VASO DE POLIPAPEL 16OZ BLANCO - 50U,"Vaso de polipapel de 16 oz de pared simple, ideal para el servicio de bebidas calientes y frías.Su mayor capacidad lo convierte en una excelente opción para ...",out of stock,new,10882.09 ARS,https://www.g4descartables.com.ar/productos/vaso-de-polipapel-16oz-blanco-25u-ki5m3/,https://scalelabs-ar.github.io/g4-catalogo-img/img/7dfe35f6331898e7.jpg,G4 Descartables,,0
1597097934,VASO DE POLIPAPEL 16OZ BLANCO - 50U,"Vaso de polipapel de 16 oz de pared simple, ideal para el servicio de bebidas calientes y frías.Su mayor capacidad lo convierte en una excelente opción para ...",out of stock,new,15886.93 ARS,https://www.g4descartables.com.ar/productos/vaso-de-polipapel-16oz-blanco-25u-ki5m3/,https://scalelabs-ar.github.io/g4-catalogo-img/img/5663cb2e5bc62a23.jpg,G4 Descartables,,0
1597101380,VASO DE POLIPAPEL 16OZ MADERA - 50U,"Vaso de polipapel de 16 oz de pared simple, ideal para el servicio de bebidas calientes y frías.Su mayor capacidad lo convierte en una excelente opción para ...",out of stock,new,8116.03 ARS,https://www.g4descartables.com.ar/productos/vaso-de-polipapel-16oz-madera-50u-3aij4/,https://scalelabs-ar.github.io/g4-catalogo-img/img/784f5ece3eb82522.jpg,G4 Descartables,,0
1597101381,VASO DE POLIPAPEL 16OZ MADERA - 50U,"Vaso de polipapel de 16 oz de pared simple, ideal para el servicio de bebidas calientes y frías.Su mayor capacidad lo convierte en una excelente opción para ...",out of stock,new,13120.86 ARS,https://www.g4descartables.com.ar/productos/vaso-de-polipapel-16oz-madera-50u-3aij4/,https://scalelabs-ar.github.io/g4-catalogo-img/img/d015fd0841a4b9f9.jpg,G4 Descartables,,0
1597101382,VASO DE POLIPAPEL 16OZ MADERA - 50U,"Vaso de polipapel de 16 oz de pared simple, ideal para el servicio de bebidas calientes y frías.Su mayor capacidad lo convierte en una excelente opción para ...",out of stock,new,10882.09 ARS,https://www.g4descartables.com.ar/productos/vaso-de-polipapel-16oz-madera-50u-3aij4/,https://scalelabs-ar.github.io/g4-catalogo-img/img/da8a582d27caa642.jpg,G4 Descartables,,0
1597101384,VASO DE POLIPAPEL 16OZ MADERA - 50U,"Vaso de polipapel de 16 oz de pared simple, ideal para el servicio de bebidas calientes y frías.Su mayor capacidad lo convierte en una excelente opción para ...",out of stock,new,15886.93 ARS,https://www.g4descartables.com.ar/productos/vaso-de-polipapel-16oz-madera-50u-3aij4/,https://scalelabs-ar.github.io/g4-catalogo-img/img/a6879b76b58cebe8.jpg,G4 Descartables,,0
1490471635,VASO DE POLIPAPEL 16OZ TEMÁTICO - 25U,"Vaso de polipapel de 16 oz de pared simple, ideal para el servicio de bebidas calientes y frías.Su mayor capacidad lo convierte en una excelente opción para ...",in stock,new,7506.45 ARS,https://www.g4descartables.com.ar/productos/vaso-de-polipapel-16oz-tematico-25u-v12ws/,https://scalelabs-ar.github.io/g4-catalogo-img/img/861a3e524b616e6e.jpg,G4 Descartables,,26
1490471636,VASO DE POLIPAPEL 16OZ TEMÁTICO - 25U,"Vaso de polipapel de 16 oz de pared simple, ideal para el servicio de bebidas calientes y frías.Su mayor capacidad lo convierte en una excelente opción para ...",in stock,new,7506.45 ARS,https://www.g4descartables.com.ar/productos/vaso-de-polipapel-16oz-tematico-25u-v12ws/,https://scalelabs-ar.github.io/g4-catalogo-img/img/adbad2192ed92225.jpg,G4 Descartables,,34
1597051758,VASO DE POLIPAPEL 6OZ BLANCO - 50U,"Vaso de polipapel de 6 oz de pared simple, ideal para el servicio de bebidas calientes y frías.Es una opción práctica y funcional para cafeterías, eventos y ...",in stock,new,5260.95 ARS,https://www.g4descartables.com.ar/productos/vaso-de-polipapel-6oz-blanco-x-50u/,https://scalelabs-ar.github.io/g4-catalogo-img/img/cb928b81d9f8b86d.jpg,G4 Descartables,,282
1597051759,VASO DE POLIPAPEL 6OZ BLANCO - 50U,"Vaso de polipapel de 6 oz de pared simple, ideal para el servicio de bebidas calientes y frías.Es una opción práctica y funcional para cafeterías, eventos y ...",in stock,new,9120.13 ARS,https://www.g4descartables.com.ar/productos/vaso-de-polipapel-6oz-blanco-x-50u/,https://scalelabs-ar.github.io/g4-catalogo-img/img/2647f9c2c8a4745f.jpg,G4 Descartables,,113
1597051760,VASO DE POLIPAPEL 6OZ BLANCO - 50U,"Vaso de polipapel de 6 oz de pared simple, ideal para el servicio de bebidas calientes y frías.Es una opción práctica y funcional para cafeterías, eventos y ...",in stock,new,9120.13 ARS,https://www.g4descartables.com.ar/productos/vaso-de-polipapel-6oz-blanco-x-50u/,https://scalelabs-ar.github.io/g4-catalogo-img/img/7256b2bd675376c8.jpg,G4 Descartables,,134
1597051761,VASO DE POLIPAPEL 6OZ BLANCO - 50U,"Vaso de polipapel de 6 oz de pared simple, ideal para el servicio de bebidas calientes y frías.Es una opción práctica y funcional para cafeterías, eventos y ...",in stock,new,8026.86 ARS,https://www.g4descartables.com.ar/productos/vaso-de-polipapel-6oz-blanco-x-50u/,https://scalelabs-ar.github.io/g4-catalogo-img/img/46701cbc8fec7f11.jpg,G4 Descartables,,282
1597051762,VASO DE POLIPAPEL 6OZ BLANCO - 50U,"Vaso de polipapel de 6 oz de pared simple, ideal para el servicio de bebidas calientes y frías.Es una opción práctica y funcional para cafeterías, eventos y ...",in stock,new,11886.05 ARS,https://www.g4descartables.com.ar/productos/vaso-de-polipapel-6oz-blanco-x-50u/,https://scalelabs-ar.github.io/g4-catalogo-img/img/fc277ee109cb1500.jpg,G4 Descartables,,113
1597051763,VASO DE POLIPAPEL 6OZ BLANCO - 50U,"Vaso de polipapel de 6 oz de pared simple, ideal para el servicio de bebidas calientes y frías.Es una opción práctica y funcional para cafeterías, eventos y ...",in stock,new,11886.05 ARS,https://www.g4descartables.com.ar/productos/vaso-de-polipapel-6oz-blanco-x-50u/,https://scalelabs-ar.github.io/g4-catalogo-img/img/921cc8d79ae2921a.jpg,G4 Descartables,,134
1597055453,VASO DE POLIPAPEL 6OZ MADERA - 50U,"Vaso de polipapel de 6 oz de pared simple, ideal para el servicio de bebidas calientes y frías.Es una opción práctica y funcional para cafeterías, eventos y ...",in stock,new,5540.98 ARS,https://www.g4descartables.com.ar/productos/vaso-de-polipapel-6oz-madera-50u-1g77t/,https://scalelabs-ar.github.io/g4-catalogo-img/img/1816867e5d5ecb1a.jpg,G4 Descartables,,265
1597055454,VASO DE POLIPAPEL 6OZ MADERA - 50U,"Vaso de polipapel de 6 oz de pared simple, ideal para el servicio de bebidas calientes y frías.Es una opción práctica y funcional para cafeterías, eventos y ...",in stock,new,9400.16 ARS,https://www.g4descartables.com.ar/productos/vaso-de-polipapel-6oz-madera-50u-1g77t/,https://scalelabs-ar.github.io/g4-catalogo-img/img/f47e27ca9c76883d.jpg,G4 Descartables,,113
1597055456,VASO DE POLIPAPEL 6OZ MADERA - 50U,"Vaso de polipapel de 6 oz de pared simple, ideal para el servicio de bebidas calientes y frías.Es una opción práctica y funcional para cafeterías, eventos y ...",in stock,new,9400.16 ARS,https://www.g4descartables.com.ar/productos/vaso-de-polipapel-6oz-madera-50u-1g77t/,https://scalelabs-ar.github.io/g4-catalogo-img/img/8d2234272f31f252.jpg,G4 Descartables,,134
1597055457,VASO DE POLIPAPEL 6OZ MADERA - 50U,"Vaso de polipapel de 6 oz de pared simple, ideal para el servicio de bebidas calientes y frías.Es una opción práctica y funcional para cafeterías, eventos y ...",in stock,new,8306.89 ARS,https://www.g4descartables.com.ar/productos/vaso-de-polipapel-6oz-madera-50u-1g77t/,https://scalelabs-ar.github.io/g4-catalogo-img/img/77a1f4b31b6c560d.jpg,G4 Descartables,,265
1597055458,VASO DE POLIPAPEL 6OZ MADERA - 50U,"Vaso de polipapel de 6 oz de pared simple, ideal para el servicio de bebidas calientes y frías.Es una opción práctica y funcional para cafeterías, eventos y ...",in stock,new,12166.08 ARS,https://www.g4descartables.com.ar/productos/vaso-de-polipapel-6oz-madera-50u-1g77t/,https://scalelabs-ar.github.io/g4-catalogo-img/img/4a4d31ae40e97c7d.jpg,G4 Descartables,,113
1597055459,VASO DE POLIPAPEL 6OZ MADERA - 50U,"Vaso de polipapel de 6 oz de pared simple, ideal para el servicio de bebidas calientes y frías.Es una opción práctica y funcional para cafeterías, eventos y ...",in stock,new,12166.08 ARS,https://www.g4descartables.com.ar/productos/vaso-de-polipapel-6oz-madera-50u-1g77t/,https://scalelabs-ar.github.io/g4-catalogo-img/img/d65b6c24a3d1a355.jpg,G4 Descartables,,134
1596380630,VASO DE POLIPAPEL 8OZ AMARILLO PASTEL - 50U,"Vaso de polipapel de 8 oz de pared simple, ideal para el servicio de bebidas calientes y frías.Es una opción práctica y funcional para cafeterías, eventos y ...",in stock,new,10788.84 ARS,https://www.g4descartables.com.ar/productos/vaso-de-polipapel-8oz-amarillo-pastel-50u-yper3/,https://scalelabs-ar.github.io/g4-catalogo-img/img/996db7295483beba.jpg,G4 Descartables,,20
1596380631,VASO DE POLIPAPEL 8OZ AMARILLO PASTEL - 50U,"Vaso de polipapel de 8 oz de pared simple, ideal para el servicio de bebidas calientes y frías.Es una opción práctica y funcional para cafeterías, eventos y ...",in stock,new,13554.76 ARS,https://www.g4descartables.com.ar/productos/vaso-de-polipapel-8oz-amarillo-pastel-50u-yper3/,https://scalelabs-ar.github.io/g4-catalogo-img/img/996db7295483beba.jpg,G4 Descartables,,20
1596380632,VASO DE POLIPAPEL 8OZ AMARILLO PASTEL - 50U,"Vaso de polipapel de 8 oz de pared simple, ideal para el servicio de bebidas calientes y frías.Es una opción práctica y funcional para cafeterías, eventos y ...",in stock,new,14648.03 ARS,https://www.g4descartables.com.ar/productos/vaso-de-polipapel-8oz-amarillo-pastel-50u-yper3/,https://scalelabs-ar.github.io/g4-catalogo-img/img/dccf09adbd0e759e.jpg,G4 Descartables,,20
1596380633,VASO DE POLIPAPEL 8OZ AMARILLO PASTEL - 50U,"Vaso de polipapel de 8 oz de pared simple, ideal para el servicio de bebidas calientes y frías.Es una opción práctica y funcional para cafeterías, eventos y ...",in stock,new,17413.95 ARS,https://www.g4descartables.com.ar/productos/vaso-de-polipapel-8oz-amarillo-pastel-50u-yper3/,https://scalelabs-ar.github.io/g4-catalogo-img/img/dccf09adbd0e759e.jpg,G4 Descartables,,20
1596380634,VASO DE POLIPAPEL 8OZ AMARILLO PASTEL - 50U,"Vaso de polipapel de 8 oz de pared simple, ideal para el servicio de bebidas calientes y frías.Es una opción práctica y funcional para cafeterías, eventos y ...",in stock,new,14648.10 ARS,https://www.g4descartables.com.ar/productos/vaso-de-polipapel-8oz-amarillo-pastel-50u-yper3/,https://scalelabs-ar.github.io/g4-catalogo-img/img/53e3235011db37be.jpg,G4 Descartables,,20
1596380636,VASO DE POLIPAPEL 8OZ AMARILLO PASTEL - 50U,"Vaso de polipapel de 8 oz de pared simple, ideal para el servicio de bebidas calientes y frías.Es una opción práctica y funcional para cafeterías, eventos y ...",in stock,new,17414.02 ARS,https://www.g4descartables.com.ar/productos/vaso-de-polipapel-8oz-amarillo-pastel-50u-yper3/,https://scalelabs-ar.github.io/g4-catalogo-img/img/53e3235011db37be.jpg,G4 Descartables,,20
1596623788,VASO DE POLIPAPEL 8OZ AQCUA PASTEL - 50U,"Vaso de polipapel de 8 oz de pared simple, ideal para el servicio de bebidas calientes y frías.Es una opción práctica y funcional para cafeterías, eventos y ...",in stock,new,10788.84 ARS,https://www.g4descartables.com.ar/productos/vaso-de-polipapel-8oz-aqcua-pastel-50u-2h268/,https://scalelabs-ar.github.io/g4-catalogo-img/img/896daeddfeaea494.jpg,G4 Descartables,,42
1596623789,VASO DE POLIPAPEL 8OZ AQCUA PASTEL - 50U,"Vaso de polipapel de 8 oz de pared simple, ideal para el servicio de bebidas calientes y frías.Es una opción práctica y funcional para cafeterías, eventos y ...",in stock,new,13554.76 ARS,https://www.g4descartables.com.ar/productos/vaso-de-polipapel-8oz-aqcua-pastel-50u-2h268/,https://scalelabs-ar.github.io/g4-catalogo-img/img/896daeddfeaea494.jpg,G4 Descartables,,42
1596623790,VASO DE POLIPAPEL 8OZ AQCUA PASTEL - 50U,"Vaso de polipapel de 8 oz de pared simple, ideal para el servicio de bebidas calientes y frías.Es una opción práctica y funcional para cafeterías, eventos y ...",in stock,new,14648.03 ARS,https://www.g4descartables.com.ar/productos/vaso-de-polipapel-8oz-aqcua-pastel-50u-2h268/,https://scalelabs-ar.github.io/g4-catalogo-img/img/4f922fbb9cda542e.jpg,G4 Descartables,,42
1596623791,VASO DE POLIPAPEL 8OZ AQCUA PASTEL - 50U,"Vaso de polipapel de 8 oz de pared simple, ideal para el servicio de bebidas calientes y frías.Es una opción práctica y funcional para cafeterías, eventos y ...",in stock,new,17413.95 ARS,https://www.g4descartables.com.ar/productos/vaso-de-polipapel-8oz-aqcua-pastel-50u-2h268/,https://scalelabs-ar.github.io/g4-catalogo-img/img/4f922fbb9cda542e.jpg,G4 Descartables,,42
1596623792,VASO DE POLIPAPEL 8OZ AQCUA PASTEL - 50U,"Vaso de polipapel de 8 oz de pared simple, ideal para el servicio de bebidas calientes y frías.Es una opción práctica y funcional para cafeterías, eventos y ...",in stock,new,14648.10 ARS,https://www.g4descartables.com.ar/productos/vaso-de-polipapel-8oz-aqcua-pastel-50u-2h268/,https://scalelabs-ar.github.io/g4-catalogo-img/img/3a8674af225a72bf.jpg,G4 Descartables,,42
1596623793,VASO DE POLIPAPEL 8OZ AQCUA PASTEL - 50U,"Vaso de polipapel de 8 oz de pared simple, ideal para el servicio de bebidas calientes y frías.Es una opción práctica y funcional para cafeterías, eventos y ...",in stock,new,17414.02 ARS,https://www.g4descartables.com.ar/productos/vaso-de-polipapel-8oz-aqcua-pastel-50u-2h268/,https://scalelabs-ar.github.io/g4-catalogo-img/img/3a8674af225a72bf.jpg,G4 Descartables,,42
1597039989,VASO DE POLIPAPEL 8OZ BLANCO - 50U,"Vaso de polipapel de 8 oz de pared simple, ideal para el servicio de bebidas calientes y frías.Es una opción práctica y funcional para cafeterías, eventos y ...",in stock,new,5333.74 ARS,https://www.g4descartables.com.ar/productos/vaso-de-polipapel-8oz-blanco-50u-yuhj1/,https://scalelabs-ar.github.io/g4-catalogo-img/img/3efe461f2e21743a.jpg,G4 Descartables,,229
1597039990,VASO DE POLIPAPEL 8OZ BLANCO - 50U,"Vaso de polipapel de 8 oz de pared simple, ideal para el servicio de bebidas calientes y frías.Es una opción práctica y funcional para cafeterías, eventos y ...",in stock,new,9193.00 ARS,https://www.g4descartables.com.ar/productos/vaso-de-polipapel-8oz-blanco-50u-yuhj1/,https://scalelabs-ar.github.io/g4-catalogo-img/img/54287bd1f48b40f7.jpg,G4 Descartables,,229
1597039991,VASO DE POLIPAPEL 8OZ BLANCO - 50U,"Vaso de polipapel de 8 oz de pared simple, ideal para el servicio de bebidas calientes y frías.Es una opción práctica y funcional para cafeterías, eventos y ...",in stock,new,9192.93 ARS,https://www.g4descartables.com.ar/productos/vaso-de-polipapel-8oz-blanco-50u-yuhj1/,https://scalelabs-ar.github.io/g4-catalogo-img/img/12cbf285f5725547.jpg,G4 Descartables,,115
1597039992,VASO DE POLIPAPEL 8OZ BLANCO - 50U,"Vaso de polipapel de 8 oz de pared simple, ideal para el servicio de bebidas calientes y frías.Es una opción práctica y funcional para cafeterías, eventos y ...",in stock,new,8099.66 ARS,https://www.g4descartables.com.ar/productos/vaso-de-polipapel-8oz-blanco-50u-yuhj1/,https://scalelabs-ar.github.io/g4-catalogo-img/img/414ea41c7238ec03.jpg,G4 Descartables,,229
1597039993,VASO DE POLIPAPEL 8OZ BLANCO - 50U,"Vaso de polipapel de 8 oz de pared simple, ideal para el servicio de bebidas calientes y frías.Es una opción práctica y funcional para cafeterías, eventos y ...",in stock,new,11958.91 ARS,https://www.g4descartables.com.ar/productos/vaso-de-polipapel-8oz-blanco-50u-yuhj1/,https://scalelabs-ar.github.io/g4-catalogo-img/img/968a6ec459785cab.jpg,G4 Descartables,,229
1597039994,VASO DE POLIPAPEL 8OZ BLANCO - 50U,"Vaso de polipapel de 8 oz de pared simple, ideal para el servicio de bebidas calientes y frías.Es una opción práctica y funcional para cafeterías, eventos y ...",in stock,new,11958.84 ARS,https://www.g4descartables.com.ar/productos/vaso-de-polipapel-8oz-blanco-50u-yuhj1/,https://scalelabs-ar.github.io/g4-catalogo-img/img/9753e1a26630d61d.jpg,G4 Descartables,,115
1596617867,VASO DE POLIPAPEL 8OZ CELESTE PASTEL - 50U,"Vaso de polipapel de 8 oz de pared simple, ideal para el servicio de bebidas calientes y frías.Es una opción práctica y funcional para cafeterías, eventos y ...",in stock,new,10788.84 ARS,https://www.g4descartables.com.ar/productos/vaso-de-polipapel-8oz-celeste-pastel-50u-13qpu/,https://scalelabs-ar.github.io/g4-catalogo-img/img/7e65c3bc04a76ad6.jpg,G4 Descartables,,42
1596617868,VASO DE POLIPAPEL 8OZ CELESTE PASTEL - 50U,"Vaso de polipapel de 8 oz de pared simple, ideal para el servicio de bebidas calientes y frías.Es una opción práctica y funcional para cafeterías, eventos y ...",in stock,new,13554.76 ARS,https://www.g4descartables.com.ar/productos/vaso-de-polipapel-8oz-celeste-pastel-50u-13qpu/,https://scalelabs-ar.github.io/g4-catalogo-img/img/7e65c3bc04a76ad6.jpg,G4 Descartables,,42
1596617869,VASO DE POLIPAPEL 8OZ CELESTE PASTEL - 50U,"Vaso de polipapel de 8 oz de pared simple, ideal para el servicio de bebidas calientes y frías.Es una opción práctica y funcional para cafeterías, eventos y ...",in stock,new,14648.03 ARS,https://www.g4descartables.com.ar/productos/vaso-de-polipapel-8oz-celeste-pastel-50u-13qpu/,https://scalelabs-ar.github.io/g4-catalogo-img/img/22b1ef25b393f77d.jpg,G4 Descartables,,42
1596617871,VASO DE POLIPAPEL 8OZ CELESTE PASTEL - 50U,"Vaso de polipapel de 8 oz de pared simple, ideal para el servicio de bebidas calientes y frías.Es una opción práctica y funcional para cafeterías, eventos y ...",in stock,new,17413.95 ARS,https://www.g4descartables.com.ar/productos/vaso-de-polipapel-8oz-celeste-pastel-50u-13qpu/,https://scalelabs-ar.github.io/g4-catalogo-img/img/22b1ef25b393f77d.jpg,G4 Descartables,,42
1596617872,VASO DE POLIPAPEL 8OZ CELESTE PASTEL - 50U,"Vaso de polipapel de 8 oz de pared simple, ideal para el servicio de bebidas calientes y frías.Es una opción práctica y funcional para cafeterías, eventos y ...",in stock,new,14648.10 ARS,https://www.g4descartables.com.ar/productos/vaso-de-polipapel-8oz-celeste-pastel-50u-13qpu/,https://scalelabs-ar.github.io/g4-catalogo-img/img/6cad3bc39b6d90f1.jpg,G4 Descartables,,42
1596617873,VASO DE POLIPAPEL 8OZ CELESTE PASTEL - 50U,"Vaso de polipapel de 8 oz de pared simple, ideal para el servicio de bebidas calientes y frías.Es una opción práctica y funcional para cafeterías, eventos y ...",in stock,new,17414.02 ARS,https://www.g4descartables.com.ar/productos/vaso-de-polipapel-8oz-celeste-pastel-50u-13qpu/,https://scalelabs-ar.github.io/g4-catalogo-img/img/6cad3bc39b6d90f1.jpg,G4 Descartables,,42
1596222327,VASO DE POLIPAPEL 8OZ LILA PASTEL - 50U,"Vaso de polipapel de 8 oz de pared simple, ideal para el servicio de bebidas calientes y frías.Es una opción práctica y funcional para cafeterías, eventos y ...",in stock,new,10788.84 ARS,https://www.g4descartables.com.ar/productos/vaso-de-polipapel-8oz-lila-pastel-50u-19hhc/,https://scalelabs-ar.github.io/g4-catalogo-img/img/e887b1cd2dc893bf.jpg,G4 Descartables,,9
1596222326,VASO DE POLIPAPEL 8OZ LILA PASTEL - 50U,"Vaso de polipapel de 8 oz de pared simple, ideal para el servicio de bebidas calientes y frías.Es una opción práctica y funcional para cafeterías, eventos y ...",in stock,new,13554.76 ARS,https://www.g4descartables.com.ar/productos/vaso-de-polipapel-8oz-lila-pastel-50u-19hhc/,https://scalelabs-ar.github.io/g4-catalogo-img/img/e887b1cd2dc893bf.jpg,G4 Descartables,,9
1596222329,VASO DE POLIPAPEL 8OZ LILA PASTEL - 50U,"Vaso de polipapel de 8 oz de pared simple, ideal para el servicio de bebidas calientes y frías.Es una opción práctica y funcional para cafeterías, eventos y ...",in stock,new,14648.03 ARS,https://www.g4descartables.com.ar/productos/vaso-de-polipapel-8oz-lila-pastel-50u-19hhc/,https://scalelabs-ar.github.io/g4-catalogo-img/img/afe8ea1dce0f9587.jpg,G4 Descartables,,9
1596222328,VASO DE POLIPAPEL 8OZ LILA PASTEL - 50U,"Vaso de polipapel de 8 oz de pared simple, ideal para el servicio de bebidas calientes y frías.Es una opción práctica y funcional para cafeterías, eventos y ...",in stock,new,17413.95 ARS,https://www.g4descartables.com.ar/productos/vaso-de-polipapel-8oz-lila-pastel-50u-19hhc/,https://scalelabs-ar.github.io/g4-catalogo-img/img/afe8ea1dce0f9587.jpg,G4 Descartables,,9
1596222332,VASO DE POLIPAPEL 8OZ LILA PASTEL - 50U,"Vaso de polipapel de 8 oz de pared simple, ideal para el servicio de bebidas calientes y frías.Es una opción práctica y funcional para cafeterías, eventos y ...",in stock,new,14648.10 ARS,https://www.g4descartables.com.ar/productos/vaso-de-polipapel-8oz-lila-pastel-50u-19hhc/,https://scalelabs-ar.github.io/g4-catalogo-img/img/11a983509bebad5e.jpg,G4 Descartables,,9
1596222331,VASO DE POLIPAPEL 8OZ LILA PASTEL - 50U,"Vaso de polipapel de 8 oz de pared simple, ideal para el servicio de bebidas calientes y frías.Es una opción práctica y funcional para cafeterías, eventos y ...",in stock,new,17414.02 ARS,https://www.g4descartables.com.ar/productos/vaso-de-polipapel-8oz-lila-pastel-50u-19hhc/,https://scalelabs-ar.github.io/g4-catalogo-img/img/11a983509bebad5e.jpg,G4 Descartables,,9
1597034210,VASO DE POLIPAPEL 8OZ MADERA - 50U,"Vaso de polipapel de 8 oz de pared simple, ideal para el servicio de bebidas calientes y frías.Es una opción práctica y funcional para cafeterías, eventos y ...",in stock,new,5615.85 ARS,https://www.g4descartables.com.ar/productos/vaso-de-polipapel-8oz-madera-50u-4nqyc/,https://scalelabs-ar.github.io/g4-catalogo-img/img/378203db758b289a.jpg,G4 Descartables,,841
1597034211,VASO DE POLIPAPEL 8OZ MADERA - 50U,"Vaso de polipapel de 8 oz de pared simple, ideal para el servicio de bebidas calientes y frías.Es una opción práctica y funcional para cafeterías, eventos y ...",in stock,new,9475.11 ARS,https://www.g4descartables.com.ar/productos/vaso-de-polipapel-8oz-madera-50u-4nqyc/,https://scalelabs-ar.github.io/g4-catalogo-img/img/0cb6efe014875901.jpg,G4 Descartables,,352
1597034212,VASO DE POLIPAPEL 8OZ MADERA - 50U,"Vaso de polipapel de 8 oz de pared simple, ideal para el servicio de bebidas calientes y frías.Es una opción práctica y funcional para cafeterías, eventos y ...",in stock,new,9475.04 ARS,https://www.g4descartables.com.ar/productos/vaso-de-polipapel-8oz-madera-50u-4nqyc/,https://scalelabs-ar.github.io/g4-catalogo-img/img/410932a17a9fa1af.jpg,G4 Descartables,,115
1597034213,VASO DE POLIPAPEL 8OZ MADERA - 50U,"Vaso de polipapel de 8 oz de pared simple, ideal para el servicio de bebidas calientes y frías.Es una opción práctica y funcional para cafeterías, eventos y ...",in stock,new,8381.77 ARS,https://www.g4descartables.com.ar/productos/vaso-de-polipapel-8oz-madera-50u-4nqyc/,https://scalelabs-ar.github.io/g4-catalogo-img/img/30117f649e1875ce.jpg,G4 Descartables,,386
1597034214,VASO DE POLIPAPEL 8OZ MADERA - 50U,"Vaso de polipapel de 8 oz de pared simple, ideal para el servicio de bebidas calientes y frías.Es una opción práctica y funcional para cafeterías, eventos y ...",in stock,new,12241.03 ARS,https://www.g4descartables.com.ar/productos/vaso-de-polipapel-8oz-madera-50u-4nqyc/,https://scalelabs-ar.github.io/g4-catalogo-img/img/0b4d23c720b8b016.jpg,G4 Descartables,,352
1597034215,VASO DE POLIPAPEL 8OZ MADERA - 50U,"Vaso de polipapel de 8 oz de pared simple, ideal para el servicio de bebidas calientes y frías.Es una opción práctica y funcional para cafeterías, eventos y ...",in stock,new,12240.95 ARS,https://www.g4descartables.com.ar/productos/vaso-de-polipapel-8oz-madera-50u-4nqyc/,https://scalelabs-ar.github.io/g4-catalogo-img/img/fe9a9a22e9443750.jpg,G4 Descartables,,115
1596633923,VASO DE POLIPAPEL 8OZ ROSA PASTEL - 50U,"Vaso de polipapel de 8 oz de pared simple, ideal para el servicio de bebidas calientes y frías.Es una opción práctica y funcional para cafeterías, eventos y ...",in stock,new,10788.84 ARS,https://www.g4descartables.com.ar/productos/vaso-de-polipapel-8oz-rosa-pastel-50u-14gpw/,https://scalelabs-ar.github.io/g4-catalogo-img/img/477992419639617a.jpg,G4 Descartables,,75
1596633926,VASO DE POLIPAPEL 8OZ ROSA PASTEL - 50U,"Vaso de polipapel de 8 oz de pared simple, ideal para el servicio de bebidas calientes y frías.Es una opción práctica y funcional para cafeterías, eventos y ...",in stock,new,13554.76 ARS,https://www.g4descartables.com.ar/productos/vaso-de-polipapel-8oz-rosa-pastel-50u-14gpw/,https://scalelabs-ar.github.io/g4-catalogo-img/img/477992419639617a.jpg,G4 Descartables,,75
1596633928,VASO DE POLIPAPEL 8OZ ROSA PASTEL - 50U,"Vaso de polipapel de 8 oz de pared simple, ideal para el servicio de bebidas calientes y frías.Es una opción práctica y funcional para cafeterías, eventos y ...",in stock,new,14648.03 ARS,https://www.g4descartables.com.ar/productos/vaso-de-polipapel-8oz-rosa-pastel-50u-14gpw/,https://scalelabs-ar.github.io/g4-catalogo-img/img/477992419639617a.jpg,G4 Descartables,,75
1596633932,VASO DE POLIPAPEL 8OZ ROSA PASTEL - 50U,"Vaso de polipapel de 8 oz de pared simple, ideal para el servicio de bebidas calientes y frías.Es una opción práctica y funcional para cafeterías, eventos y ...",in stock,new,17413.95 ARS,https://www.g4descartables.com.ar/productos/vaso-de-polipapel-8oz-rosa-pastel-50u-14gpw/,https://scalelabs-ar.github.io/g4-catalogo-img/img/477992419639617a.jpg,G4 Descartables,,75
1596633936,VASO DE POLIPAPEL 8OZ ROSA PASTEL - 50U,"Vaso de polipapel de 8 oz de pared simple, ideal para el servicio de bebidas calientes y frías.Es una opción práctica y funcional para cafeterías, eventos y ...",in stock,new,14648.10 ARS,https://www.g4descartables.com.ar/productos/vaso-de-polipapel-8oz-rosa-pastel-50u-14gpw/,https://scalelabs-ar.github.io/g4-catalogo-img/img/477992419639617a.jpg,G4 Descartables,,75
1596633938,VASO DE POLIPAPEL 8OZ ROSA PASTEL - 50U,"Vaso de polipapel de 8 oz de pared simple, ideal para el servicio de bebidas calientes y frías.Es una opción práctica y funcional para cafeterías, eventos y ...",in stock,new,17414.02 ARS,https://www.g4descartables.com.ar/productos/vaso-de-polipapel-8oz-rosa-pastel-50u-14gpw/,https://scalelabs-ar.github.io/g4-catalogo-img/img/477992419639617a.jpg,G4 Descartables,,75
1598225974,VASO DE POLIPAPEL 8OZ TEMÁTICO - 50U,"Vaso de polipapel de 8 oz de pared simple, ideal para el servicio de bebidas calientes y frías.Es una opción práctica y funcional para cafeterías, eventos y ...",in stock,new,7100.13 ARS,https://www.g4descartables.com.ar/productos/vaso-de-polipapel-8oz-tematico-50u-ix8e6/,https://scalelabs-ar.github.io/g4-catalogo-img/img/aa3c87976ab92428.jpg,G4 Descartables,,350
1598225975,VASO DE POLIPAPEL 8OZ TEMÁTICO - 50U,"Vaso de polipapel de 8 oz de pared simple, ideal para el servicio de bebidas calientes y frías.Es una opción práctica y funcional para cafeterías, eventos y ...",in stock,new,10959.39 ARS,https://www.g4descartables.com.ar/productos/vaso-de-polipapel-8oz-tematico-50u-ix8e6/,https://scalelabs-ar.github.io/g4-catalogo-img/img/a211d963f98c1c06.jpg,G4 Descartables,,350
1598225976,VASO DE POLIPAPEL 8OZ TEMÁTICO - 50U,"Vaso de polipapel de 8 oz de pared simple, ideal para el servicio de bebidas calientes y frías.Es una opción práctica y funcional para cafeterías, eventos y ...",in stock,new,10959.32 ARS,https://www.g4descartables.com.ar/productos/vaso-de-polipapel-8oz-tematico-50u-ix8e6/,https://scalelabs-ar.github.io/g4-catalogo-img/img/31d79b0577f8cc32.jpg,G4 Descartables,,115
1527418550,VASO DESCARTABLE PINTA CERVEZA 500ML - 50U,"🍺 Vaso Plástico Cervecero 500cc – Pack x50 unidades Vasos descartables de 500cc, ideales para cerveza y bebidas frías. Su tamaño y formato los hacen ...",in stock,new,12593.40 ARS,https://www.g4descartables.com.ar/productos/vaso-descartable-pinta-cerveza-500ml-50u-d7fxq/,https://scalelabs-ar.github.io/g4-catalogo-img/img/a897301ec7b0ecaa.jpg,G4 Descartables,,8
1081905310,VASO DE ACRILICO 50ML - 10U,"Vaso de acrílico reutilizable de 50 ml, ideal para degustaciones, shots y presentaciones pequeñas.Su diseño totalmente transparente brinda una estética proli...",in stock,new,1586.79 ARS,https://www.g4descartables.com.ar/productos/vaso-desgustacion-50ml-acrilico-x-10-unidades/,https://scalelabs-ar.github.io/g4-catalogo-img/img/93e18c8683f8da13.jpg,G4 Descartables,,336
1256483029,VASO MILANO 370CC CON TAPA DOMO - 40U,"🥤 Vaso Milano 370cc con Tapa para Sorbete – Pack x40 unidades Vasos Milano de 370cc con tapa incluida, diseñados para bebidas con sorbete. Ideales pa...",in stock,new,22383.62 ARS,https://www.g4descartables.com.ar/productos/vaso-milano-370cc-con-tapa-domo-40u/,https://scalelabs-ar.github.io/g4-catalogo-img/img/a19197912a36a1d3.jpg,G4 Descartables,,27
1508617327,VASO MILANO 370CC CON TAPA DOMO CIEGA - 40U,"🥤 Vaso Milano 370cc con Tapa Sin Agujero – Pack x40 unidades Vasos Milano de 370cc con tapa incluida. Ideales para take away, cafeterías y consumo en...",in stock,new,23632.61 ARS,https://www.g4descartables.com.ar/productos/vaso-milano-370cc-con-tapa-domo-ciega-40u-1m732/,https://scalelabs-ar.github.io/g4-catalogo-img/img/a1b07edd1768e275.jpg,G4 Descartables,,27
1256496756,VASO MILANO 370CC CON TAPA PARA CUCHARA - 40U,"🥤 Vaso Milano 370cc con Tapa para Cuchara – Pack x40 unidades Vasos Milano de 370cc con tapa especial para cuchara, ideales para postres y preparacio...",in stock,new,22436.92 ARS,https://www.g4descartables.com.ar/productos/vaso-milano-370cc-con-tapa-para-cuchara-40u/,https://scalelabs-ar.github.io/g4-catalogo-img/img/5e525ae593190c51.jpg,G4 Descartables,,27
1508545357,VASO MINI TOLEDO 270CC CON TAPA CUCHARA - 40U,"🥤 Vaso Toledo 270cc con Tapa para Cuchara – Pack x40 unidades Vasos plásticos tipo Toledo de 270cc con tapa especial para cuchara, ideales para postr...",in stock,new,16237.70 ARS,https://www.g4descartables.com.ar/productos/vaso-mini-toledo-270cc-con-tapa-cuchara-40u-1x20y/,https://scalelabs-ar.github.io/g4-catalogo-img/img/e04e0ee7a31ce20f.jpg,G4 Descartables,,54
1508553844,VASO MINI TOLEDO 270CC CON TAPA DOMO CIEGA - 40U,"🥤 Vaso Toledo 270cc con Tapa Ciega – Pack x40 unidades Vasos plásticos tipo Toledo de 270cc con tapa sin perforar, ideales para postres, helados y pr...",in stock,new,17433.39 ARS,https://www.g4descartables.com.ar/productos/vaso-mini-toledo-270cc-con-tapa-domo-ciega-40u-1hp5t/,https://scalelabs-ar.github.io/g4-catalogo-img/img/7174323c970a3e84.jpg,G4 Descartables,,54
1402090902,VASO PLASTICO 300CC CON TAPA CIEGA - 50U,"Vaso de 300 cc con tapa ciega, diseñado para el envasado y transporte seguro de bebidas y preparaciones líquidas.La tapa sin perforación permite un cierre má...",out of stock,new,7345.52 ARS,https://www.g4descartables.com.ar/productos/vaso-plastico-300cc-con-tapa-ciega-50u-3twvl/,https://scalelabs-ar.github.io/g4-catalogo-img/img/e84a13d69d518a45.jpg,G4 Descartables,,0
1078129277,VASO PLASTICO 300CC CON TAPA PARA SORBETE - 50U,"Vaso plástico descartable liso fabricado en material PP, con alta transparencia, ideal para bebidas frías.Incluye tapa con agujero para sorbete, lo que lo ha...",out of stock,new,7288.04 ARS,https://www.g4descartables.com.ar/productos/vaso-plastico-300cc-con-tapa-para-sorbete-50u-ivtg4/,https://scalelabs-ar.github.io/g4-catalogo-img/img/bfa21e5b747bc07f.jpg,G4 Descartables,,0
1402095323,VASO PLASTICO 400CC CON TAPA CIEGA - 50U,"Vaso de 400 cc con tapa ciega, ideal para el envasado y transporte seguro de bebidas y preparaciones líquidas.La tapa sin perforación proporciona un cierre f...",out of stock,new,10433.23 ARS,https://www.g4descartables.com.ar/productos/vaso-plastico-400cc-con-tapa-ciega-50u-oeppe/,https://scalelabs-ar.github.io/g4-catalogo-img/img/c6ee986df9de4eb8.jpg,G4 Descartables,,0
973588318,VASO PLASTICO 400CC CON TAPA PARA SORBETE - 50U,"Vaso descartable de PP liso y transparente, ideal para bebidas frías de tamaño intermedio.Incluye tapa con agujero para sorbete, perfecta para eventos y cons...",out of stock,new,10445.63 ARS,https://www.g4descartables.com.ar/productos/vaso-plastico-400cc-con-tapa-para-sorbete-50u-809tv/,https://scalelabs-ar.github.io/g4-catalogo-img/img/be6b439f5ad81179.jpg,G4 Descartables,,0
1402097198,VASO PLASTICO 500CC CON TAPA CIEGA - 50U,"Vaso de 500 cc con tapa ciega, ideal para el envasado y transporte seguro de bebidas y preparaciones líquidas de mayor volumen.La tapa sin perforación brinda...",in stock,new,11451.19 ARS,https://www.g4descartables.com.ar/productos/vaso-plastico-500cc-con-tapa-ciega-50u-1tyto/,https://scalelabs-ar.github.io/g4-catalogo-img/img/ec31bb5e6af2030c.jpg,G4 Descartables,,4
1078134411,VASO PLASTICO 500CC CON TAPA PARA SORBETE - 50U,"Vaso plástico descartable liso de PP con alta transparencia, ideal para bebidas frías de mayor volumen.Incluye tapa con agujero para sorbete, facilitando el ...",out of stock,new,11463.59 ARS,https://www.g4descartables.com.ar/productos/vaso-plastico-500cc-con-tapa-para-sorbete-50u-lds4s/,https://scalelabs-ar.github.io/g4-catalogo-img/img/31c610c6140bd5bf.jpg,G4 Descartables,,0
1517939757,VASO PLASTICO AMERICANO 300ML - 25U,"Vaso descartable estilo americano, ideal para fiestas, eventos y reuniones.Muy utilizado en beer pong, su diseño clásico y colores llamativos lo convierten e...",in stock,new,4718.90 ARS,https://www.g4descartables.com.ar/productos/vaso-plastico-americano-300ml-25u-yj6pe/,https://scalelabs-ar.github.io/g4-catalogo-img/img/5629b23cf41273f0.jpg,G4 Descartables,,65
1517939758,VASO PLASTICO AMERICANO 300ML - 25U,"Vaso descartable estilo americano, ideal para fiestas, eventos y reuniones.Muy utilizado en beer pong, su diseño clásico y colores llamativos lo convierten e...",in stock,new,4718.90 ARS,https://www.g4descartables.com.ar/productos/vaso-plastico-americano-300ml-25u-yj6pe/,https://scalelabs-ar.github.io/g4-catalogo-img/img/76a429cf2467053f.jpg,G4 Descartables,,9
978821415,VASO PLASTICO AMERICANO 400ML - 25U,"Vaso descartable estilo americano, ideal para fiestas, eventos y reuniones.Muy utilizado en beer pong, su diseño clásico y colores llamativos lo convierten e...",in stock,new,5906.52 ARS,https://www.g4descartables.com.ar/productos/vaso-plastico-americano-400ml-x-25-unidades/,https://scalelabs-ar.github.io/g4-catalogo-img/img/beaa8b7b87ea6163.jpg,G4 Descartables,,69
978821418,VASO PLASTICO AMERICANO 400ML - 25U,"Vaso descartable estilo americano, ideal para fiestas, eventos y reuniones.Muy utilizado en beer pong, su diseño clásico y colores llamativos lo convierten e...",in stock,new,5906.52 ARS,https://www.g4descartables.com.ar/productos/vaso-plastico-americano-400ml-x-25-unidades/,https://scalelabs-ar.github.io/g4-catalogo-img/img/732411b9f863aaad.jpg,G4 Descartables,,13
973545872,VASO PLASTICO DESCARTABLE 50ML - 100U,"Vaso descartable básico de 50 ml, ideal para degustaciones y pequeñas porciones de bebida.Muy utilizado para muestras, eventos y servicios donde se requieren...",in stock,new,1880.35 ARS,https://www.g4descartables.com.ar/productos/vaso-plastico-chupito-shot-50ml-x-100-unidades/,https://scalelabs-ar.github.io/g4-catalogo-img/img/1e8c305952f07867.jpg,G4 Descartables,,1036
973545875,VASO PLASTICO DESCARTABLE 50ML - 100U,"Vaso descartable básico de 50 ml, ideal para degustaciones y pequeñas porciones de bebida.Muy utilizado para muestras, eventos y servicios donde se requieren...",in stock,new,1880.35 ARS,https://www.g4descartables.com.ar/productos/vaso-plastico-chupito-shot-50ml-x-100-unidades/,https://scalelabs-ar.github.io/g4-catalogo-img/img/1b6414f908de214a.jpg,G4 Descartables,,662
973563318,VASO PLASTICO DESCARTABLE 180ML - 100U,"Vaso descartable básico de 180 ml, práctico y funcional para el consumo de bebidas frías.Muy utilizado en oficinas, eventos y uso cotidiano. ⭐ Usos id...",in stock,new,3179.01 ARS,https://www.g4descartables.com.ar/productos/vaso-plastico-descartable-180ml-x-100-unidades/,https://scalelabs-ar.github.io/g4-catalogo-img/img/80b793dd322c918b.jpg,G4 Descartables,,1064
973563329,VASO PLASTICO DESCARTABLE 180ML - 100U,"Vaso descartable básico de 180 ml, práctico y funcional para el consumo de bebidas frías.Muy utilizado en oficinas, eventos y uso cotidiano. ⭐ Usos id...",in stock,new,3179.01 ARS,https://www.g4descartables.com.ar/productos/vaso-plastico-descartable-180ml-x-100-unidades/,https://scalelabs-ar.github.io/g4-catalogo-img/img/0b33e9b98a1b848b.jpg,G4 Descartables,,519
1265905891,VASO PLASTICO DESCARTABLE 180ML - 100U,"Vaso descartable básico de 180 ml, práctico y funcional para el consumo de bebidas frías.Muy utilizado en oficinas, eventos y uso cotidiano. ⭐ Usos id...",out of stock,new,3402.25 ARS,https://www.g4descartables.com.ar/productos/vaso-plastico-descartable-180ml-x-100-unidades/,https://scalelabs-ar.github.io/g4-catalogo-img/img/bcac4281eff70c40.jpg,G4 Descartables,,0
973577821,VASO PLASTICO DESCARTABLE 200ML - 100U,"Vaso descartable básico de 200 ml, ideal para bebidas frías en eventos y uso diario.Su tamaño estándar lo hace versátil para distintos tipos de bebidas. ...",in stock,new,3562.29 ARS,https://www.g4descartables.com.ar/productos/vaso-plastico-descartable-200ml-x-100-unidades/,https://scalelabs-ar.github.io/g4-catalogo-img/img/8b8f94dd48b8a6f9.jpg,G4 Descartables,,823
973577829,VASO PLASTICO DESCARTABLE 200ML - 100U,"Vaso descartable básico de 200 ml, ideal para bebidas frías en eventos y uso diario.Su tamaño estándar lo hace versátil para distintos tipos de bebidas. ...",in stock,new,3562.29 ARS,https://www.g4descartables.com.ar/productos/vaso-plastico-descartable-200ml-x-100-unidades/,https://scalelabs-ar.github.io/g4-catalogo-img/img/dafbbed2eb866fae.jpg,G4 Descartables,,1
1508572019,VASO PLASTICO DESCARTABLE 25ML - 100U,"Vaso descartable básico de 25 ml, ideal para degustaciones y pequeñas porciones de bebida.Muy utilizado para muestras, eventos y servicios donde se requieren...",in stock,new,9175.43 ARS,https://www.g4descartables.com.ar/productos/vaso-plastico-descartable-25ml-100u-jp7wi/,https://scalelabs-ar.github.io/g4-catalogo-img/img/9ad38bb792afce33.jpg,G4 Descartables,,58
1072189897,VASO PLASTICO DESCARTABLE 300CC - 100U,"Vaso descartable básico de 300 ml, ideal para bebidas frías de mayor volumen.Muy utilizado en fiestas, eventos y gastronomía. ⭐ Usos ideales Gaseosas ...",in stock,new,5354.49 ARS,https://www.g4descartables.com.ar/productos/vaso-plastico-descartable-300ml-x-100-unidades/,https://scalelabs-ar.github.io/g4-catalogo-img/img/8ffc575900892d0e.jpg,G4 Descartables,,310
1072189903,VASO PLASTICO DESCARTABLE 300CC - 100U,"Vaso descartable básico de 300 ml, ideal para bebidas frías de mayor volumen.Muy utilizado en fiestas, eventos y gastronomía. ⭐ Usos ideales Gaseosas ...",in stock,new,5255.83 ARS,https://www.g4descartables.com.ar/productos/vaso-plastico-descartable-300ml-x-100-unidades/,https://scalelabs-ar.github.io/g4-catalogo-img/img/70987f47ab38a010.jpg,G4 Descartables,,90
978819138,VASO PLASTICO DESCARTABLE 500ML - 50U,"Vaso descartable básico de gran capacidad, ideal para bebidas frías en eventos y reuniones.Su tamaño permite servir bebidas abundantes de manera práctica. &#...",in stock,new,6073.93 ARS,https://www.g4descartables.com.ar/productos/vaso-plastico-descartable-500ml-x-50-unidades/,https://scalelabs-ar.github.io/g4-catalogo-img/img/bbef1b1bb6a1829c.jpg,G4 Descartables,,200
1383463721,VASO PLASTICO FERNETERO DESCARTABLE 800CC BOTELLA CORTADA - 15U,"🥃 Vaso Plástico Fernetero 800cc – Tipo Botella Cortada Vaso plástico descartable de 800cc, diseñado con la clásica forma de botella cortada, ideal pa...",in stock,new,8982.99 ARS,https://www.g4descartables.com.ar/productos/vaso-plastico-descartable-800cc-fernet-botella-cortada-x-15u-bsvpp/,https://scalelabs-ar.github.io/g4-catalogo-img/img/c263f800077748d3.jpg,G4 Descartables,,121
1256440405,VASO PLASTICO DESCARTABLE LITRO 1000CC - 50U,"Vasos descartables de 1 litro de capacidad, ideales para bebidas de gran tamaño. Perfectos para eventos, fiestas y gastronomía donde se requiere mayor volume...",in stock,new,13300.32 ARS,https://www.g4descartables.com.ar/productos/vaso-plastico-descartable-litro-1000cc-50u/,https://scalelabs-ar.github.io/g4-catalogo-img/img/859aab7ab6383bc6.jpg,G4 Descartables,,59
978816311,VASO PLASTICO DESCARTABLE NEON 300ML - 25U,"Vasos descartables de 300 ml en colores neón, ideales para fiestas, eventos y celebraciones nocturnas.La mayoría de los colores brillan en la oscuridad bajo ...",in stock,new,3606.82 ARS,https://www.g4descartables.com.ar/productos/vaso-plastico-descartable-neon-300ml-x-25-unidades/,https://scalelabs-ar.github.io/g4-catalogo-img/img/7f1de9e6a81297a6.jpg,G4 Descartables,,70
978816313,VASO PLASTICO DESCARTABLE NEON 300ML - 25U,"Vasos descartables de 300 ml en colores neón, ideales para fiestas, eventos y celebraciones nocturnas.La mayoría de los colores brillan en la oscuridad bajo ...",in stock,new,3606.82 ARS,https://www.g4descartables.com.ar/productos/vaso-plastico-descartable-neon-300ml-x-25-unidades/,https://scalelabs-ar.github.io/g4-catalogo-img/img/6828052bc336cb3a.jpg,G4 Descartables,,65
978816315,VASO PLASTICO DESCARTABLE NEON 300ML - 25U,"Vasos descartables de 300 ml en colores neón, ideales para fiestas, eventos y celebraciones nocturnas.La mayoría de los colores brillan en la oscuridad bajo ...",in stock,new,3606.82 ARS,https://www.g4descartables.com.ar/productos/vaso-plastico-descartable-neon-300ml-x-25-unidades/,https://scalelabs-ar.github.io/g4-catalogo-img/img/5453aa69d904efda.jpg,G4 Descartables,,42
978816317,VASO PLASTICO DESCARTABLE NEON 300ML - 25U,"Vasos descartables de 300 ml en colores neón, ideales para fiestas, eventos y celebraciones nocturnas.La mayoría de los colores brillan en la oscuridad bajo ...",in stock,new,3606.82 ARS,https://www.g4descartables.com.ar/productos/vaso-plastico-descartable-neon-300ml-x-25-unidades/,https://scalelabs-ar.github.io/g4-catalogo-img/img/f0d6ae07a3eeaf47.jpg,G4 Descartables,,3
978816320,VASO PLASTICO DESCARTABLE NEON 300ML - 25U,"Vasos descartables de 300 ml en colores neón, ideales para fiestas, eventos y celebraciones nocturnas.La mayoría de los colores brillan en la oscuridad bajo ...",in stock,new,3606.82 ARS,https://www.g4descartables.com.ar/productos/vaso-plastico-descartable-neon-300ml-x-25-unidades/,https://scalelabs-ar.github.io/g4-catalogo-img/img/4dafae59f7413705.jpg,G4 Descartables,,76
978816322,VASO PLASTICO DESCARTABLE NEON 300ML - 25U,"Vasos descartables de 300 ml en colores neón, ideales para fiestas, eventos y celebraciones nocturnas.La mayoría de los colores brillan en la oscuridad bajo ...",in stock,new,3606.82 ARS,https://www.g4descartables.com.ar/productos/vaso-plastico-descartable-neon-300ml-x-25-unidades/,https://scalelabs-ar.github.io/g4-catalogo-img/img/3274fb08d5aee437.jpg,G4 Descartables,,39
978816325,VASO PLASTICO DESCARTABLE NEON 300ML - 25U,"Vasos descartables de 300 ml en colores neón, ideales para fiestas, eventos y celebraciones nocturnas.La mayoría de los colores brillan en la oscuridad bajo ...",in stock,new,3606.82 ARS,https://www.g4descartables.com.ar/productos/vaso-plastico-descartable-neon-300ml-x-25-unidades/,https://scalelabs-ar.github.io/g4-catalogo-img/img/fdb35eb809ae0708.jpg,G4 Descartables,,16
978816328,VASO PLASTICO DESCARTABLE NEON 300ML - 25U,"Vasos descartables de 300 ml en colores neón, ideales para fiestas, eventos y celebraciones nocturnas.La mayoría de los colores brillan en la oscuridad bajo ...",in stock,new,3606.82 ARS,https://www.g4descartables.com.ar/productos/vaso-plastico-descartable-neon-300ml-x-25-unidades/,https://scalelabs-ar.github.io/g4-catalogo-img/img/e1d89eefd352e4fa.jpg,G4 Descartables,,96
1078726938,VASO PLASTICO DESCARTABLE 200CC - 50U,"Vasos descartables infantiles de 200ml, ideales para cumpleaños, eventos escolares y reuniones familiares.Vienen en varios colores, aportando un toque divert...",in stock,new,3314.29 ARS,https://www.g4descartables.com.ar/productos/vaso-plastico-fiestita-200ml-x-50-unidades/,https://scalelabs-ar.github.io/g4-catalogo-img/img/26320d460067e475.jpg,G4 Descartables,,100
1078726941,VASO PLASTICO DESCARTABLE 200CC - 50U,"Vasos descartables infantiles de 200ml, ideales para cumpleaños, eventos escolares y reuniones familiares.Vienen en varios colores, aportando un toque divert...",in stock,new,3314.29 ARS,https://www.g4descartables.com.ar/productos/vaso-plastico-fiestita-200ml-x-50-unidades/,https://scalelabs-ar.github.io/g4-catalogo-img/img/8ad5b76656c8d73d.jpg,G4 Descartables,,59
1078726942,VASO PLASTICO DESCARTABLE 200CC - 50U,"Vasos descartables infantiles de 200ml, ideales para cumpleaños, eventos escolares y reuniones familiares.Vienen en varios colores, aportando un toque divert...",in stock,new,3314.29 ARS,https://www.g4descartables.com.ar/productos/vaso-plastico-fiestita-200ml-x-50-unidades/,https://scalelabs-ar.github.io/g4-catalogo-img/img/1d72d5540f6a3172.jpg,G4 Descartables,,77
1078726943,VASO PLASTICO DESCARTABLE 200CC - 50U,"Vasos descartables infantiles de 200ml, ideales para cumpleaños, eventos escolares y reuniones familiares.Vienen en varios colores, aportando un toque divert...",in stock,new,3314.29 ARS,https://www.g4descartables.com.ar/productos/vaso-plastico-fiestita-200ml-x-50-unidades/,https://scalelabs-ar.github.io/g4-catalogo-img/img/c153c9c646d8f93c.jpg,G4 Descartables,,55
1078726945,VASO PLASTICO DESCARTABLE 200CC - 50U,"Vasos descartables infantiles de 200ml, ideales para cumpleaños, eventos escolares y reuniones familiares.Vienen en varios colores, aportando un toque divert...",in stock,new,3314.29 ARS,https://www.g4descartables.com.ar/productos/vaso-plastico-fiestita-200ml-x-50-unidades/,https://scalelabs-ar.github.io/g4-catalogo-img/img/21f5ce06282ce3af.jpg,G4 Descartables,,3
1078726946,VASO PLASTICO DESCARTABLE 200CC - 50U,"Vasos descartables infantiles de 200ml, ideales para cumpleaños, eventos escolares y reuniones familiares.Vienen en varios colores, aportando un toque divert...",out of stock,new,3314.29 ARS,https://www.g4descartables.com.ar/productos/vaso-plastico-fiestita-200ml-x-50-unidades/,https://scalelabs-ar.github.io/g4-catalogo-img/img/7321547add5abfde.jpg,G4 Descartables,,0
1078726947,VASO PLASTICO DESCARTABLE 200CC - 50U,"Vasos descartables infantiles de 200ml, ideales para cumpleaños, eventos escolares y reuniones familiares.Vienen en varios colores, aportando un toque divert...",in stock,new,3314.29 ARS,https://www.g4descartables.com.ar/productos/vaso-plastico-fiestita-200ml-x-50-unidades/,https://scalelabs-ar.github.io/g4-catalogo-img/img/10481a48f14901a4.jpg,G4 Descartables,,66
1078726948,VASO PLASTICO DESCARTABLE 200CC - 50U,"Vasos descartables infantiles de 200ml, ideales para cumpleaños, eventos escolares y reuniones familiares.Vienen en varios colores, aportando un toque divert...",in stock,new,3314.29 ARS,https://www.g4descartables.com.ar/productos/vaso-plastico-fiestita-200ml-x-50-unidades/,https://scalelabs-ar.github.io/g4-catalogo-img/img/7a56601a56dae58d.jpg,G4 Descartables,,63
1078726949,VASO PLASTICO DESCARTABLE 200CC - 50U,"Vasos descartables infantiles de 200ml, ideales para cumpleaños, eventos escolares y reuniones familiares.Vienen en varios colores, aportando un toque divert...",in stock,new,3314.29 ARS,https://www.g4descartables.com.ar/productos/vaso-plastico-fiestita-200ml-x-50-unidades/,https://scalelabs-ar.github.io/g4-catalogo-img/img/297f63befb3b4639.jpg,G4 Descartables,,80
1078726951,VASO PLASTICO DESCARTABLE 200CC - 50U,"Vasos descartables infantiles de 200ml, ideales para cumpleaños, eventos escolares y reuniones familiares.Vienen en varios colores, aportando un toque divert...",in stock,new,3314.29 ARS,https://www.g4descartables.com.ar/productos/vaso-plastico-fiestita-200ml-x-50-unidades/,https://scalelabs-ar.github.io/g4-catalogo-img/img/6f460f34d9adeacb.jpg,G4 Descartables,,51
1078121682,VASO PLASTICO 400CC CON TAPA DOMO - 50U,"Vaso plástico descartable liso fabricado en material PP, con alta transparencia, ideal para bebidas frías.Incluye tapa domo con agujero para sorbete, perfect...",out of stock,new,12727.29 ARS,https://www.g4descartables.com.ar/productos/vaso-plastico-liso-400ml-con-tapa-domo-x-50-unidades/,https://scalelabs-ar.github.io/g4-catalogo-img/img/7ca66491ef1d263d.jpg,G4 Descartables,,0
1078139558,VASO PLASTICO 500CC CON TAPA DOMO - 50U,"Vaso descartable de PP liso y transparente, diseñado para bebidas frías de mayor tamaño.Incluye tapa domo con agujero para sorbete, ideal para licuados, frap...",in stock,new,13745.25 ARS,https://www.g4descartables.com.ar/productos/vaso-plastico-liso-500ml-con-tapa-domo-x-50-unidades/,https://scalelabs-ar.github.io/g4-catalogo-img/img/581516cc81fb944e.jpg,G4 Descartables,,926
1163570339,VASO PLASTICO LISO 700ML CON TAPA PLANA - 50U,"Vaso plástico descartable de gran capacidad, fabricado en PP liso y de alta transparencia.Incluye tapa con agujero para sorbete, siendo ideal para bebidas fr...",in stock,new,19164.22 ARS,https://www.g4descartables.com.ar/productos/vaso-plastico-liso-700ml-con-tapa-plana-x-50-unidades/,https://scalelabs-ar.github.io/g4-catalogo-img/img/f9c3d4303c64e593.jpg,G4 Descartables,,6
1507503498,VASO PLASTICO LITRO 1000CC CON TAPA CIEGA - 50U,"Vasos descartables de 1 litro de capacidad, ideales para bebidas de gran tamaño. Perfectos para eventos, fiestas y gastronomía donde se requiere mayor volume...",out of stock,new,23383.07 ARS,https://www.g4descartables.com.ar/productos/vaso-plastico-litro-1000cc-con-tapa-ciega-50u-erbu9/,https://scalelabs-ar.github.io/g4-catalogo-img/img/a60f025795c12426.jpg,G4 Descartables,,0
1256477660,VASO PLASTICO MILANO 370CC - 40U,"🥤 Vaso Milano 370cc – Pack x40 unidades (Sin Tapa) Vasos descartables modelo Milano de 370cc, ideales para bebidas frías, tragos y preparaciones indi...",in stock,new,15327.18 ARS,https://www.g4descartables.com.ar/productos/vaso-plastico-milano-370cc-40u/,https://scalelabs-ar.github.io/g4-catalogo-img/img/c337ddb82ba851fa.jpg,G4 Descartables,,27
1489876916,VASO PLASTICO SUPER MILANO 500CC - 50U,"🥤 Vaso Plástico Super Milano 500cc (Pack x50 unidades) Vasos plásticos resistentes y prácticos, ideales para bebidas frías en eventos, gastronomía y ...",out of stock,new,24097.40 ARS,https://www.g4descartables.com.ar/productos/vaso-plastico-super-milano-500cc-50u-1t83j/,https://scalelabs-ar.github.io/g4-catalogo-img/img/3cb58116ee0cca37.jpg,G4 Descartables,,0
1256466554,VASO PLASTICO TOLEDO 325CC - 40U,"🥤 Vaso Toledo 325cc – Pack x40 unidades (Sin Tapa) Vasos plásticos tipo Toledo de 325cc, ideales para bebidas frías en eventos, gastronomía y uso dia...",in stock,new,12274.66 ARS,https://www.g4descartables.com.ar/productos/vaso-plastico-toledo-325cc-40u/,https://scalelabs-ar.github.io/g4-catalogo-img/img/162589da695c1c76.jpg,G4 Descartables,,87
1597211146,VASO POLIPAPEL 12OZ DOBLE PARED ESTISOL - 150U,"Vaso de polipapel de 12 oz de doble pared, ideal para el servicio de bebidas calientes.Es una opción práctica y funcional para cafeterías, eventos y consumo ...",in stock,new,67247.81 ARS,https://www.g4descartables.com.ar/productos/vaso-polipapel-12oz-doble-pared-estisol-150u-k124y/,https://scalelabs-ar.github.io/g4-catalogo-img/img/bd8e28e3a2ee83d0.jpg,G4 Descartables,,60
1597211148,VASO POLIPAPEL 12OZ DOBLE PARED ESTISOL - 150U,"Vaso de polipapel de 12 oz de doble pared, ideal para el servicio de bebidas calientes.Es una opción práctica y funcional para cafeterías, eventos y consumo ...",in stock,new,77527.10 ARS,https://www.g4descartables.com.ar/productos/vaso-polipapel-12oz-doble-pared-estisol-150u-k124y/,https://scalelabs-ar.github.io/g4-catalogo-img/img/ae7d588d7e4037c1.jpg,G4 Descartables,,3
1597211149,VASO POLIPAPEL 12OZ DOBLE PARED ESTISOL - 150U,"Vaso de polipapel de 12 oz de doble pared, ideal para el servicio de bebidas calientes.Es una opción práctica y funcional para cafeterías, eventos y consumo ...",in stock,new,67247.81 ARS,https://www.g4descartables.com.ar/productos/vaso-polipapel-12oz-doble-pared-estisol-150u-k124y/,https://scalelabs-ar.github.io/g4-catalogo-img/img/17f87959b4fa6fbf.jpg,G4 Descartables,,26
1597211152,VASO POLIPAPEL 12OZ DOBLE PARED ESTISOL - 150U,"Vaso de polipapel de 12 oz de doble pared, ideal para el servicio de bebidas calientes.Es una opción práctica y funcional para cafeterías, eventos y consumo ...",in stock,new,77527.10 ARS,https://www.g4descartables.com.ar/productos/vaso-polipapel-12oz-doble-pared-estisol-150u-k124y/,https://scalelabs-ar.github.io/g4-catalogo-img/img/37729312b82d5249.jpg,G4 Descartables,,3
1597202595,VASO POLIPAPEL 12OZ SIMPLE PARED ESTISOL - 150U,"Vaso de polipapel de 12oz de pared simple, ideal para el servicio de bebidas calientes.Es una opción práctica y funcional para cafeterías, eventos y consumo ...",in stock,new,19613.56 ARS,https://www.g4descartables.com.ar/productos/vaso-polipapel-12oz-simple-pared-estisol-150u-3cnhi/,https://scalelabs-ar.github.io/g4-catalogo-img/img/d64e9addb3a245b5.jpg,G4 Descartables,,71
1597202598,VASO POLIPAPEL 12OZ SIMPLE PARED ESTISOL - 150U,"Vaso de polipapel de 12oz de pared simple, ideal para el servicio de bebidas calientes.Es una opción práctica y funcional para cafeterías, eventos y consumo ...",in stock,new,77527.10 ARS,https://www.g4descartables.com.ar/productos/vaso-polipapel-12oz-simple-pared-estisol-150u-3cnhi/,https://scalelabs-ar.github.io/g4-catalogo-img/img/c389cf4ecfa20eeb.jpg,G4 Descartables,,3
1597202599,VASO POLIPAPEL 12OZ SIMPLE PARED ESTISOL - 150U,"Vaso de polipapel de 12oz de pared simple, ideal para el servicio de bebidas calientes.Es una opción práctica y funcional para cafeterías, eventos y consumo ...",in stock,new,19613.56 ARS,https://www.g4descartables.com.ar/productos/vaso-polipapel-12oz-simple-pared-estisol-150u-3cnhi/,https://scalelabs-ar.github.io/g4-catalogo-img/img/a28449e507c57561.jpg,G4 Descartables,,57
1597202601,VASO POLIPAPEL 12OZ SIMPLE PARED ESTISOL - 150U,"Vaso de polipapel de 12oz de pared simple, ideal para el servicio de bebidas calientes.Es una opción práctica y funcional para cafeterías, eventos y consumo ...",in stock,new,29892.84 ARS,https://www.g4descartables.com.ar/productos/vaso-polipapel-12oz-simple-pared-estisol-150u-3cnhi/,https://scalelabs-ar.github.io/g4-catalogo-img/img/b2a5ea93c45a610f.jpg,G4 Descartables,,3
1597181396,VASO POLIPAPEL 8OZ DOBLE PARED ESTISOL - 100U,"Vaso de polipapel de 8 oz de doble pared, ideal para el servicio de bebidas calientes.Es una opción práctica y funcional para cafeterías, eventos y consumo p...",in stock,new,21284.69 ARS,https://www.g4descartables.com.ar/productos/vaso-polipapel-8oz-doble-pared-estisol-100u-ltm33/,https://scalelabs-ar.github.io/g4-catalogo-img/img/50fa1a9c8100b492.jpg,G4 Descartables,,85
1597181398,VASO POLIPAPEL 8OZ DOBLE PARED ESTISOL - 100U,"Vaso de polipapel de 8 oz de doble pared, ideal para el servicio de bebidas calientes.Es una opción práctica y funcional para cafeterías, eventos y consumo p...",in stock,new,27875.77 ARS,https://www.g4descartables.com.ar/productos/vaso-polipapel-8oz-doble-pared-estisol-100u-ltm33/,https://scalelabs-ar.github.io/g4-catalogo-img/img/3014a56cab5cc66f.jpg,G4 Descartables,,85
1597181399,VASO POLIPAPEL 8OZ DOBLE PARED ESTISOL - 100U,"Vaso de polipapel de 8 oz de doble pared, ideal para el servicio de bebidas calientes.Es una opción práctica y funcional para cafeterías, eventos y consumo p...",in stock,new,27875.77 ARS,https://www.g4descartables.com.ar/productos/vaso-polipapel-8oz-doble-pared-estisol-100u-ltm33/,https://scalelabs-ar.github.io/g4-catalogo-img/img/149e468240518ad1.jpg,G4 Descartables,,85
1597181400,VASO POLIPAPEL 8OZ DOBLE PARED ESTISOL - 100U,"Vaso de polipapel de 8 oz de doble pared, ideal para el servicio de bebidas calientes.Es una opción práctica y funcional para cafeterías, eventos y consumo p...",in stock,new,21284.69 ARS,https://www.g4descartables.com.ar/productos/vaso-polipapel-8oz-doble-pared-estisol-100u-ltm33/,https://scalelabs-ar.github.io/g4-catalogo-img/img/be81ef715c47f0a3.jpg,G4 Descartables,,42
1597181401,VASO POLIPAPEL 8OZ DOBLE PARED ESTISOL - 100U,"Vaso de polipapel de 8 oz de doble pared, ideal para el servicio de bebidas calientes.Es una opción práctica y funcional para cafeterías, eventos y consumo p...",in stock,new,27875.77 ARS,https://www.g4descartables.com.ar/productos/vaso-polipapel-8oz-doble-pared-estisol-100u-ltm33/,https://scalelabs-ar.github.io/g4-catalogo-img/img/fecb2af2e4baf3d4.jpg,G4 Descartables,,42
1597181403,VASO POLIPAPEL 8OZ DOBLE PARED ESTISOL - 100U,"Vaso de polipapel de 8 oz de doble pared, ideal para el servicio de bebidas calientes.Es una opción práctica y funcional para cafeterías, eventos y consumo p...",in stock,new,27875.77 ARS,https://www.g4descartables.com.ar/productos/vaso-polipapel-8oz-doble-pared-estisol-100u-ltm33/,https://scalelabs-ar.github.io/g4-catalogo-img/img/38acb3e56acd2d31.jpg,G4 Descartables,,42
1597163719,VASO POLIPAPEL 8OZ SIMPLE PARED ESTISOL - 200U,"Vaso de polipapel de 8 oz de pared simple, ideal para el servicio de bebidas calientes.Es una opción práctica y funcional para cafeterías, eventos y consumo ...",in stock,new,18934.99 ARS,https://www.g4descartables.com.ar/productos/vaso-polipapel-8oz-simple-pared-estisol-200u-1dc4c/,https://scalelabs-ar.github.io/g4-catalogo-img/img/acc7c03e109cdc35.jpg,G4 Descartables,,45
1597163720,VASO POLIPAPEL 8OZ SIMPLE PARED ESTISOL - 200U,"Vaso de polipapel de 8 oz de pared simple, ideal para el servicio de bebidas calientes.Es una opción práctica y funcional para cafeterías, eventos y consumo ...",in stock,new,32117.16 ARS,https://www.g4descartables.com.ar/productos/vaso-polipapel-8oz-simple-pared-estisol-200u-1dc4c/,https://scalelabs-ar.github.io/g4-catalogo-img/img/3f357d6ed673202e.jpg,G4 Descartables,,45
1597163721,VASO POLIPAPEL 8OZ SIMPLE PARED ESTISOL - 200U,"Vaso de polipapel de 8 oz de pared simple, ideal para el servicio de bebidas calientes.Es una opción práctica y funcional para cafeterías, eventos y consumo ...",in stock,new,32117.16 ARS,https://www.g4descartables.com.ar/productos/vaso-polipapel-8oz-simple-pared-estisol-200u-1dc4c/,https://scalelabs-ar.github.io/g4-catalogo-img/img/4748f0f26c987b9d.jpg,G4 Descartables,,45
1597163723,VASO POLIPAPEL 8OZ SIMPLE PARED ESTISOL - 200U,"Vaso de polipapel de 8 oz de pared simple, ideal para el servicio de bebidas calientes.Es una opción práctica y funcional para cafeterías, eventos y consumo ...",in stock,new,18934.99 ARS,https://www.g4descartables.com.ar/productos/vaso-polipapel-8oz-simple-pared-estisol-200u-1dc4c/,https://scalelabs-ar.github.io/g4-catalogo-img/img/5b449862d4f19220.jpg,G4 Descartables,,51
1597163724,VASO POLIPAPEL 8OZ SIMPLE PARED ESTISOL - 200U,"Vaso de polipapel de 8 oz de pared simple, ideal para el servicio de bebidas calientes.Es una opción práctica y funcional para cafeterías, eventos y consumo ...",in stock,new,32117.16 ARS,https://www.g4descartables.com.ar/productos/vaso-polipapel-8oz-simple-pared-estisol-200u-1dc4c/,https://scalelabs-ar.github.io/g4-catalogo-img/img/1acefa9ae1fdce81.jpg,G4 Descartables,,46
1597163725,VASO POLIPAPEL 8OZ SIMPLE PARED ESTISOL - 200U,"Vaso de polipapel de 8 oz de pared simple, ideal para el servicio de bebidas calientes.Es una opción práctica y funcional para cafeterías, eventos y consumo ...",in stock,new,32117.16 ARS,https://www.g4descartables.com.ar/productos/vaso-polipapel-8oz-simple-pared-estisol-200u-1dc4c/,https://scalelabs-ar.github.io/g4-catalogo-img/img/0a1a6725d0a398dc.jpg,G4 Descartables,,51
1509721516,VASO SUPER MILANO 500CC CON TAPA DOMO - 50U,"🥤 Vaso Plástico Super Milano 500cc con Tapa Domo Vaso descartable modelo Super Milano de 500cc con tapa domo, ideal para bebidas frías, licuados y pr...",out of stock,new,34653.44 ARS,https://www.g4descartables.com.ar/productos/vaso-super-milano-500cc-con-tapa-domo-50u-133kr/,https://scalelabs-ar.github.io/g4-catalogo-img/img/02d7ff58fa55b2a8.jpg,G4 Descartables,,0
1509719889,VASO SUPER MILANO 500CC CON TAPA PLANA - 50U,"🥤 Vaso Plástico Super Milano 500cc con Tapa para Sorbete Vaso descartable modelo Super Milano de 500cc con tapa plana, ideal para bebidas frías, licu...",out of stock,new,34150.69 ARS,https://www.g4descartables.com.ar/productos/vaso-super-milano-500cc-con-tapa-plana-50u-1xrhd/,https://scalelabs-ar.github.io/g4-catalogo-img/img/335197487a1a644b.jpg,G4 Descartables,,0
1073147634,VASO TERMICO ACERO INOXIDABLE CON TAPA 200ML,"Comprá online VASO TERMICO ACERO INOXIDABLE CON TAPA 200ML por $31.363,20. Hacé tu pedido y pagalo online.",out of stock,new,25090.56 ARS,https://www.g4descartables.com.ar/productos/vaso-termico-acero-inoxidable-200ml-con-tapa/,https://scalelabs-ar.github.io/g4-catalogo-img/img/13d417d291113acc.jpg,G4 Descartables,,0
1073147638,VASO TERMICO ACERO INOXIDABLE CON TAPA 200ML,"Comprá online VASO TERMICO ACERO INOXIDABLE CON TAPA 200ML por $31.363,20. Hacé tu pedido y pagalo online.",out of stock,new,25090.56 ARS,https://www.g4descartables.com.ar/productos/vaso-termico-acero-inoxidable-200ml-con-tapa/,https://scalelabs-ar.github.io/g4-catalogo-img/img/11636b1630531436.jpg,G4 Descartables,,0
1073147643,VASO TERMICO ACERO INOXIDABLE CON TAPA 200ML,"Comprá online VASO TERMICO ACERO INOXIDABLE CON TAPA 200ML por $31.363,20. Hacé tu pedido y pagalo online.",in stock,new,25090.56 ARS,https://www.g4descartables.com.ar/productos/vaso-termico-acero-inoxidable-200ml-con-tapa/,https://scalelabs-ar.github.io/g4-catalogo-img/img/2a8dcd2e625435a2.jpg,G4 Descartables,,2
1073147649,VASO TERMICO ACERO INOXIDABLE CON TAPA 200ML,"Comprá online VASO TERMICO ACERO INOXIDABLE CON TAPA 200ML por $31.363,20. Hacé tu pedido y pagalo online.",in stock,new,25090.56 ARS,https://www.g4descartables.com.ar/productos/vaso-termico-acero-inoxidable-200ml-con-tapa/,https://scalelabs-ar.github.io/g4-catalogo-img/img/6ec199f19bc38573.jpg,G4 Descartables,,3
1073147654,VASO TERMICO ACERO INOXIDABLE CON TAPA 200ML,"Comprá online VASO TERMICO ACERO INOXIDABLE CON TAPA 200ML por $31.363,20. Hacé tu pedido y pagalo online.",in stock,new,25090.56 ARS,https://www.g4descartables.com.ar/productos/vaso-termico-acero-inoxidable-200ml-con-tapa/,https://scalelabs-ar.github.io/g4-catalogo-img/img/f219e67f7d6bfb84.jpg,G4 Descartables,,3
1073147660,VASO TERMICO ACERO INOXIDABLE CON TAPA 200ML,"Comprá online VASO TERMICO ACERO INOXIDABLE CON TAPA 200ML por $31.363,20. Hacé tu pedido y pagalo online.",in stock,new,25090.56 ARS,https://www.g4descartables.com.ar/productos/vaso-termico-acero-inoxidable-200ml-con-tapa/,https://scalelabs-ar.github.io/g4-catalogo-img/img/017aede391a649b8.jpg,G4 Descartables,,5
1073147664,VASO TERMICO ACERO INOXIDABLE CON TAPA 200ML,"Comprá online VASO TERMICO ACERO INOXIDABLE CON TAPA 200ML por $31.363,20. Hacé tu pedido y pagalo online.",in stock,new,25090.56 ARS,https://www.g4descartables.com.ar/productos/vaso-termico-acero-inoxidable-200ml-con-tapa/,https://scalelabs-ar.github.io/g4-catalogo-img/img/400a07e9657cf02e.jpg,G4 Descartables,,1
1073160142,VASO TERMICO ACERO INOXIDABLE CON TAPA 375ML,"Comprá online VASO TERMICO ACERO INOXIDABLE CON TAPA 375ML por $29.446,56. Hacé tu pedido y pagalo online.",in stock,new,23557.25 ARS,https://www.g4descartables.com.ar/productos/vaso-termico-acero-inoxidable-375ml-con-tapa/,https://scalelabs-ar.github.io/g4-catalogo-img/img/a758558b0bcc6843.jpg,G4 Descartables,,4
1073160150,VASO TERMICO ACERO INOXIDABLE CON TAPA 375ML,"Comprá online VASO TERMICO ACERO INOXIDABLE CON TAPA 375ML por $29.446,56. Hacé tu pedido y pagalo online.",in stock,new,23557.25 ARS,https://www.g4descartables.com.ar/productos/vaso-termico-acero-inoxidable-375ml-con-tapa/,https://scalelabs-ar.github.io/g4-catalogo-img/img/863afd403d958309.jpg,G4 Descartables,,4
1073160155,VASO TERMICO ACERO INOXIDABLE CON TAPA 375ML,"Comprá online VASO TERMICO ACERO INOXIDABLE CON TAPA 375ML por $29.446,56. Hacé tu pedido y pagalo online.",out of stock,new,23557.25 ARS,https://www.g4descartables.com.ar/productos/vaso-termico-acero-inoxidable-375ml-con-tapa/,https://scalelabs-ar.github.io/g4-catalogo-img/img/ed55e222f691e204.jpg,G4 Descartables,,0
1073160160,VASO TERMICO ACERO INOXIDABLE CON TAPA 375ML,"Comprá online VASO TERMICO ACERO INOXIDABLE CON TAPA 375ML por $29.446,56. Hacé tu pedido y pagalo online.",out of stock,new,23557.25 ARS,https://www.g4descartables.com.ar/productos/vaso-termico-acero-inoxidable-375ml-con-tapa/,https://scalelabs-ar.github.io/g4-catalogo-img/img/6c16f4b55dc3bc91.jpg,G4 Descartables,,0
1073160163,VASO TERMICO ACERO INOXIDABLE CON TAPA 375ML,"Comprá online VASO TERMICO ACERO INOXIDABLE CON TAPA 375ML por $29.446,56. Hacé tu pedido y pagalo online.",in stock,new,23557.25 ARS,https://www.g4descartables.com.ar/productos/vaso-termico-acero-inoxidable-375ml-con-tapa/,https://scalelabs-ar.github.io/g4-catalogo-img/img/40896893658a7f81.jpg,G4 Descartables,,5
1073160166,VASO TERMICO ACERO INOXIDABLE CON TAPA 375ML,"Comprá online VASO TERMICO ACERO INOXIDABLE CON TAPA 375ML por $29.446,56. Hacé tu pedido y pagalo online.",in stock,new,23557.25 ARS,https://www.g4descartables.com.ar/productos/vaso-termico-acero-inoxidable-375ml-con-tapa/,https://scalelabs-ar.github.io/g4-catalogo-img/img/519ee5411ae8aabc.jpg,G4 Descartables,,6
1073160170,VASO TERMICO ACERO INOXIDABLE CON TAPA 375ML,"Comprá online VASO TERMICO ACERO INOXIDABLE CON TAPA 375ML por $29.446,56. Hacé tu pedido y pagalo online.",in stock,new,23557.25 ARS,https://www.g4descartables.com.ar/productos/vaso-termico-acero-inoxidable-375ml-con-tapa/,https://scalelabs-ar.github.io/g4-catalogo-img/img/2c0ce3ab436b9f3d.jpg,G4 Descartables,,4
1073160175,VASO TERMICO ACERO INOXIDABLE CON TAPA 375ML,"Comprá online VASO TERMICO ACERO INOXIDABLE CON TAPA 375ML por $29.446,56. Hacé tu pedido y pagalo online.",out of stock,new,23557.25 ARS,https://www.g4descartables.com.ar/productos/vaso-termico-acero-inoxidable-375ml-con-tapa/,https://scalelabs-ar.github.io/g4-catalogo-img/img/3f0a79cf2c4d92fc.jpg,G4 Descartables,,0
978822626,VASO TÉRMICO PARA CAFÉ DESCARTABLE 180ML - 25U,"Vaso descartable para café fabricado en material EPS, ideal para servir bebidas frías y calientes.Gracias a su composición, ayuda a mantener la temperatura d...",in stock,new,3392.07 ARS,https://www.g4descartables.com.ar/productos/vaso-termico-para-cafe-descartable-180ml-x-25-unidades/,https://scalelabs-ar.github.io/g4-catalogo-img/img/13400fd3a7050fe0.jpg,G4 Descartables,,188
978822957,VASO TÉRMICO PARA CAFÉ DESCARTABLE 240ML - 25U,"Vaso descartable de EPS diseñado para servir café y otras bebidas frías o calientes en mayor cantidad.Su capacidad lo hace ideal para cafés largos, cortados ...",in stock,new,4060.00 ARS,https://www.g4descartables.com.ar/productos/vaso-termico-para-cafe-descartable-240ml-x-25-unidades/,https://scalelabs-ar.github.io/g4-catalogo-img/img/0d3ad117e4375005.jpg,G4 Descartables,,44
1256474404,VASO TOLEDO 325CC CON TAPA DOMO - 40U,"🥤 Vaso Toledo 325cc con Tapa para Sorbete – Pack x40 unidades Vasos plásticos tipo Toledo de 325cc con tapa perforada para sorbete, ideales para bebi...",in stock,new,19331.11 ARS,https://www.g4descartables.com.ar/productos/vaso-toledo-325cc-con-tapa-domo-40u/,https://scalelabs-ar.github.io/g4-catalogo-img/img/48f7cb29242427ec.jpg,G4 Descartables,,35
1508586597,VASO TOLEDO 325CC CON TAPA DOMO CIEGA - 40U,"🥤 Vaso Toledo 325cc con Tapa Sin Agujero – Pack x40 unidades Vasos plásticos tipo Toledo de 325cc con tapa sin perforar, ideales para llevar con mayo...",in stock,new,20580.09 ARS,https://www.g4descartables.com.ar/productos/vaso-toledo-325cc-con-tapa-domo-ciega-40u-1utj4/,https://scalelabs-ar.github.io/g4-catalogo-img/img/33f53d6f1ff39e68.jpg,G4 Descartables,,77
1256475145,VASO TOLEDO 325CC CON TAPA PARA CUCHARA - 40U,"🥤 Vaso Toledo 325cc con Tapa para Cuchara – Pack x40 unidades Vasos plásticos tipo Toledo de 325cc con tapa especial para cuchara, ideales para postr...",in stock,new,19384.41 ARS,https://www.g4descartables.com.ar/productos/vaso-toledo-325cc-con-tapa-para-cuchara-40u/,https://scalelabs-ar.github.io/g4-catalogo-img/img/c32bea8ad2c67c12.jpg,G4 Descartables,,84
1081953157,VASO DE ACRILICO TRAGO LARGO 340ML - 10U,"Vaso de acrílico reutilizable tipo trago largo, ideal para bebidas largas y cócteles.Su diseño más alto y estilizado aporta una estética moderna y profesiona...",in stock,new,5047.96 ARS,https://www.g4descartables.com.ar/productos/vaso-trago-largo-acrilico-340ml-x-10-unidades/,https://scalelabs-ar.github.io/g4-catalogo-img/img/b9097d18cb92dd61.jpg,G4 Descartables,,464
1081961672,VASO DE ACRILICO WHISKY 300ML - 10U,"Vaso de whisky fabricado en acrílico reutilizable, ideal para el servicio de bebidas cortas y tragos clásicos.Su formato bajo y ancho ofrece una estética ele...",out of stock,new,4244.18 ARS,https://www.g4descartables.com.ar/productos/vaso-whisky-300ml-acrilico-x-10-unidades/,https://scalelabs-ar.github.io/g4-catalogo-img/img/344b8f6838b6050d.jpg,G4 Descartables,,0
